ISO-10303-21;
HEADER;
/* Generated by software containing ST-Developer
 * from STEP Tools, Inc. (www.steptools.com) 
 */
/* OPTION: using custom renumber hook */

FILE_DESCRIPTION(
/* description */ ('STEP AP214'),
/* implementation_level */ '2;1');

FILE_NAME(
/* name */ 'SSM-102-L-DV',
/* time_stamp */ '2026-09-17T23:40:58+02:00',
/* author */ ('License CC BY-ND 4.0'),
/* organization */ ('CADENAS'),
/* preprocessor_version */ 'ST-DEVELOPER v20',
/* originating_system */ 'PARTsolutions',
/* authorisation */ '  ');

FILE_SCHEMA (('AUTOMOTIVE_DESIGN {1 0 10303 214 3 1 1}'));
ENDSEC;

DATA;
#10=PROPERTY_DEFINITION_REPRESENTATION(#14,#12);
#11=PROPERTY_DEFINITION_REPRESENTATION(#15,#13);
#12=REPRESENTATION('',(#16),#3311);
#13=REPRESENTATION('',(#17),#3311);
#14=PROPERTY_DEFINITION('pmi validation property','',#3323);
#15=PROPERTY_DEFINITION('pmi validation property','',#3323);
#16=VALUE_REPRESENTATION_ITEM('number of annotations',COUNT_MEASURE(0.));
#17=VALUE_REPRESENTATION_ITEM('number of views',COUNT_MEASURE(0.));
#18=CIRCLE('',#2166,0.015);
#19=CIRCLE('',#2167,0.015);
#20=CIRCLE('',#2169,0.015);
#21=CIRCLE('',#2170,0.015);
#22=CIRCLE('',#2176,0.015);
#23=CIRCLE('',#2177,0.015);
#24=CIRCLE('',#2179,0.015);
#25=CIRCLE('',#2180,0.015);
#26=CIRCLE('',#2188,0.01);
#27=CIRCLE('',#2189,0.01);
#28=CIRCLE('',#2191,0.01);
#29=CIRCLE('',#2192,0.01);
#30=CIRCLE('',#2196,0.00999999999999999);
#31=CIRCLE('',#2197,0.00999999999999999);
#32=CIRCLE('',#2199,0.00999999999999999);
#33=CIRCLE('',#2200,0.00999999999999999);
#34=CYLINDRICAL_SURFACE('',#2165,0.015);
#35=CYLINDRICAL_SURFACE('',#2168,0.015);
#36=CYLINDRICAL_SURFACE('',#2175,0.015);
#37=CYLINDRICAL_SURFACE('',#2178,0.015);
#38=CYLINDRICAL_SURFACE('',#2187,0.01);
#39=CYLINDRICAL_SURFACE('',#2190,0.01);
#40=CYLINDRICAL_SURFACE('',#2195,0.00999999999999999);
#41=CYLINDRICAL_SURFACE('',#2198,0.00999999999999999);
#42=CONTEXT_DEPENDENT_SHAPE_REPRESENTATION(#46,#3325);
#43=CONTEXT_DEPENDENT_SHAPE_REPRESENTATION(#47,#3327);
#44=NEXT_ASSEMBLY_USAGE_OCCURRENCE('NAUO1','SSM-102-L-DV_body',
'SSM-102-L-DV_body',#3328,#3329,'');
#45=NEXT_ASSEMBLY_USAGE_OCCURRENCE('NAUO2','C-137-01-L2','C-137-01-L2',
#3328,#3330,'');
#46=(
REPRESENTATION_RELATIONSHIP(' ',' ',#2092,#2091)
REPRESENTATION_RELATIONSHIP_WITH_TRANSFORMATION(#48)
SHAPE_REPRESENTATION_RELATIONSHIP()
);
#47=(
REPRESENTATION_RELATIONSHIP(' ',' ',#2093,#2091)
REPRESENTATION_RELATIONSHIP_WITH_TRANSFORMATION(#49)
SHAPE_REPRESENTATION_RELATIONSHIP()
);
#48=ITEM_DEFINED_TRANSFORMATION(' ',' ',#2094,#2158);
#49=ITEM_DEFINED_TRANSFORMATION(' ',' ',#2094,#2213);
#50=SHAPE_REPRESENTATION_RELATIONSHIP('','',#2092,#52);
#51=SHAPE_REPRESENTATION_RELATIONSHIP('','',#2093,#53);
#52=ADVANCED_BREP_SHAPE_REPRESENTATION('',(#2086),#3312);
#53=ADVANCED_BREP_SHAPE_REPRESENTATION('',(#2087),#3313);
#54=ORIENTED_EDGE('',*,*,#630,.F.);
#55=ORIENTED_EDGE('',*,*,#631,.F.);
#56=ORIENTED_EDGE('',*,*,#632,.F.);
#57=ORIENTED_EDGE('',*,*,#633,.F.);
#58=ORIENTED_EDGE('',*,*,#634,.F.);
#59=ORIENTED_EDGE('',*,*,#635,.F.);
#60=ORIENTED_EDGE('',*,*,#636,.F.);
#61=ORIENTED_EDGE('',*,*,#637,.F.);
#62=ORIENTED_EDGE('',*,*,#638,.F.);
#63=ORIENTED_EDGE('',*,*,#639,.F.);
#64=ORIENTED_EDGE('',*,*,#640,.F.);
#65=ORIENTED_EDGE('',*,*,#641,.F.);
#66=ORIENTED_EDGE('',*,*,#642,.F.);
#67=ORIENTED_EDGE('',*,*,#643,.F.);
#68=ORIENTED_EDGE('',*,*,#644,.F.);
#69=ORIENTED_EDGE('',*,*,#645,.F.);
#70=ORIENTED_EDGE('',*,*,#646,.F.);
#71=ORIENTED_EDGE('',*,*,#647,.F.);
#72=ORIENTED_EDGE('',*,*,#648,.F.);
#73=ORIENTED_EDGE('',*,*,#649,.F.);
#74=ORIENTED_EDGE('',*,*,#650,.F.);
#75=ORIENTED_EDGE('',*,*,#651,.F.);
#76=ORIENTED_EDGE('',*,*,#652,.F.);
#77=ORIENTED_EDGE('',*,*,#653,.F.);
#78=ORIENTED_EDGE('',*,*,#654,.T.);
#79=ORIENTED_EDGE('',*,*,#655,.T.);
#80=ORIENTED_EDGE('',*,*,#656,.T.);
#81=ORIENTED_EDGE('',*,*,#657,.T.);
#82=ORIENTED_EDGE('',*,*,#658,.T.);
#83=ORIENTED_EDGE('',*,*,#659,.T.);
#84=ORIENTED_EDGE('',*,*,#660,.T.);
#85=ORIENTED_EDGE('',*,*,#649,.T.);
#86=ORIENTED_EDGE('',*,*,#661,.T.);
#87=ORIENTED_EDGE('',*,*,#662,.T.);
#88=ORIENTED_EDGE('',*,*,#663,.T.);
#89=ORIENTED_EDGE('',*,*,#664,.T.);
#90=ORIENTED_EDGE('',*,*,#665,.T.);
#91=ORIENTED_EDGE('',*,*,#666,.T.);
#92=ORIENTED_EDGE('',*,*,#667,.T.);
#93=ORIENTED_EDGE('',*,*,#653,.T.);
#94=ORIENTED_EDGE('',*,*,#668,.F.);
#95=ORIENTED_EDGE('',*,*,#669,.F.);
#96=ORIENTED_EDGE('',*,*,#670,.T.);
#97=ORIENTED_EDGE('',*,*,#643,.T.);
#98=ORIENTED_EDGE('',*,*,#671,.F.);
#99=ORIENTED_EDGE('',*,*,#633,.T.);
#100=ORIENTED_EDGE('',*,*,#672,.F.);
#101=ORIENTED_EDGE('',*,*,#673,.F.);
#102=ORIENTED_EDGE('',*,*,#674,.T.);
#103=ORIENTED_EDGE('',*,*,#639,.T.);
#104=ORIENTED_EDGE('',*,*,#675,.F.);
#105=ORIENTED_EDGE('',*,*,#676,.F.);
#106=ORIENTED_EDGE('',*,*,#677,.F.);
#107=ORIENTED_EDGE('',*,*,#678,.F.);
#108=ORIENTED_EDGE('',*,*,#679,.F.);
#109=ORIENTED_EDGE('',*,*,#680,.F.);
#110=ORIENTED_EDGE('',*,*,#681,.F.);
#111=ORIENTED_EDGE('',*,*,#635,.T.);
#112=ORIENTED_EDGE('',*,*,#682,.F.);
#113=ORIENTED_EDGE('',*,*,#683,.F.);
#114=ORIENTED_EDGE('',*,*,#684,.F.);
#115=ORIENTED_EDGE('',*,*,#685,.F.);
#116=ORIENTED_EDGE('',*,*,#686,.F.);
#117=ORIENTED_EDGE('',*,*,#687,.F.);
#118=ORIENTED_EDGE('',*,*,#631,.T.);
#119=ORIENTED_EDGE('',*,*,#688,.T.);
#120=ORIENTED_EDGE('',*,*,#689,.F.);
#121=ORIENTED_EDGE('',*,*,#690,.T.);
#122=ORIENTED_EDGE('',*,*,#691,.F.);
#123=ORIENTED_EDGE('',*,*,#692,.T.);
#124=ORIENTED_EDGE('',*,*,#693,.T.);
#125=ORIENTED_EDGE('',*,*,#694,.T.);
#126=ORIENTED_EDGE('',*,*,#695,.F.);
#127=ORIENTED_EDGE('',*,*,#696,.T.);
#128=ORIENTED_EDGE('',*,*,#637,.T.);
#129=ORIENTED_EDGE('',*,*,#697,.T.);
#130=ORIENTED_EDGE('',*,*,#698,.F.);
#131=ORIENTED_EDGE('',*,*,#699,.T.);
#132=ORIENTED_EDGE('',*,*,#700,.T.);
#133=ORIENTED_EDGE('',*,*,#701,.T.);
#134=ORIENTED_EDGE('',*,*,#702,.F.);
#135=ORIENTED_EDGE('',*,*,#703,.T.);
#136=ORIENTED_EDGE('',*,*,#641,.T.);
#137=ORIENTED_EDGE('',*,*,#704,.T.);
#138=ORIENTED_EDGE('',*,*,#705,.T.);
#139=ORIENTED_EDGE('',*,*,#706,.T.);
#140=ORIENTED_EDGE('',*,*,#645,.T.);
#141=ORIENTED_EDGE('',*,*,#707,.T.);
#142=ORIENTED_EDGE('',*,*,#708,.T.);
#143=ORIENTED_EDGE('',*,*,#709,.T.);
#144=ORIENTED_EDGE('',*,*,#710,.T.);
#145=ORIENTED_EDGE('',*,*,#711,.T.);
#146=ORIENTED_EDGE('',*,*,#647,.T.);
#147=ORIENTED_EDGE('',*,*,#712,.T.);
#148=ORIENTED_EDGE('',*,*,#713,.T.);
#149=ORIENTED_EDGE('',*,*,#714,.T.);
#150=ORIENTED_EDGE('',*,*,#715,.T.);
#151=ORIENTED_EDGE('',*,*,#716,.T.);
#152=ORIENTED_EDGE('',*,*,#717,.T.);
#153=ORIENTED_EDGE('',*,*,#718,.T.);
#154=ORIENTED_EDGE('',*,*,#651,.T.);
#155=ORIENTED_EDGE('',*,*,#719,.T.);
#156=ORIENTED_EDGE('',*,*,#720,.T.);
#157=ORIENTED_EDGE('',*,*,#721,.T.);
#158=ORIENTED_EDGE('',*,*,#704,.F.);
#159=ORIENTED_EDGE('',*,*,#640,.T.);
#160=ORIENTED_EDGE('',*,*,#674,.F.);
#161=ORIENTED_EDGE('',*,*,#722,.F.);
#162=ORIENTED_EDGE('',*,*,#668,.T.);
#163=ORIENTED_EDGE('',*,*,#652,.T.);
#164=ORIENTED_EDGE('',*,*,#721,.F.);
#165=ORIENTED_EDGE('',*,*,#723,.F.);
#166=ORIENTED_EDGE('',*,*,#724,.T.);
#167=ORIENTED_EDGE('',*,*,#725,.T.);
#168=ORIENTED_EDGE('',*,*,#726,.F.);
#169=ORIENTED_EDGE('',*,*,#727,.T.);
#170=ORIENTED_EDGE('',*,*,#726,.T.);
#171=ORIENTED_EDGE('',*,*,#728,.T.);
#172=ORIENTED_EDGE('',*,*,#729,.F.);
#173=ORIENTED_EDGE('',*,*,#730,.T.);
#174=ORIENTED_EDGE('',*,*,#729,.T.);
#175=ORIENTED_EDGE('',*,*,#731,.T.);
#176=ORIENTED_EDGE('',*,*,#732,.F.);
#177=ORIENTED_EDGE('',*,*,#733,.T.);
#178=ORIENTED_EDGE('',*,*,#734,.T.);
#179=ORIENTED_EDGE('',*,*,#735,.T.);
#180=ORIENTED_EDGE('',*,*,#736,.F.);
#181=ORIENTED_EDGE('',*,*,#737,.T.);
#182=ORIENTED_EDGE('',*,*,#736,.T.);
#183=ORIENTED_EDGE('',*,*,#738,.T.);
#184=ORIENTED_EDGE('',*,*,#739,.F.);
#185=ORIENTED_EDGE('',*,*,#740,.T.);
#186=ORIENTED_EDGE('',*,*,#739,.T.);
#187=ORIENTED_EDGE('',*,*,#741,.T.);
#188=ORIENTED_EDGE('',*,*,#742,.F.);
#189=ORIENTED_EDGE('',*,*,#743,.T.);
#190=ORIENTED_EDGE('',*,*,#744,.T.);
#191=ORIENTED_EDGE('',*,*,#745,.T.);
#192=ORIENTED_EDGE('',*,*,#746,.F.);
#193=ORIENTED_EDGE('',*,*,#747,.T.);
#194=ORIENTED_EDGE('',*,*,#746,.T.);
#195=ORIENTED_EDGE('',*,*,#748,.T.);
#196=ORIENTED_EDGE('',*,*,#749,.F.);
#197=ORIENTED_EDGE('',*,*,#750,.T.);
#198=ORIENTED_EDGE('',*,*,#749,.T.);
#199=ORIENTED_EDGE('',*,*,#751,.T.);
#200=ORIENTED_EDGE('',*,*,#752,.F.);
#201=ORIENTED_EDGE('',*,*,#753,.T.);
#202=ORIENTED_EDGE('',*,*,#754,.T.);
#203=ORIENTED_EDGE('',*,*,#755,.T.);
#204=ORIENTED_EDGE('',*,*,#756,.F.);
#205=ORIENTED_EDGE('',*,*,#757,.T.);
#206=ORIENTED_EDGE('',*,*,#756,.T.);
#207=ORIENTED_EDGE('',*,*,#758,.T.);
#208=ORIENTED_EDGE('',*,*,#759,.F.);
#209=ORIENTED_EDGE('',*,*,#760,.T.);
#210=ORIENTED_EDGE('',*,*,#759,.T.);
#211=ORIENTED_EDGE('',*,*,#761,.T.);
#212=ORIENTED_EDGE('',*,*,#762,.F.);
#213=ORIENTED_EDGE('',*,*,#763,.T.);
#214=ORIENTED_EDGE('',*,*,#732,.T.);
#215=ORIENTED_EDGE('',*,*,#764,.T.);
#216=ORIENTED_EDGE('',*,*,#724,.F.);
#217=ORIENTED_EDGE('',*,*,#765,.T.);
#218=ORIENTED_EDGE('',*,*,#742,.T.);
#219=ORIENTED_EDGE('',*,*,#766,.T.);
#220=ORIENTED_EDGE('',*,*,#734,.F.);
#221=ORIENTED_EDGE('',*,*,#767,.T.);
#222=ORIENTED_EDGE('',*,*,#752,.T.);
#223=ORIENTED_EDGE('',*,*,#768,.T.);
#224=ORIENTED_EDGE('',*,*,#744,.F.);
#225=ORIENTED_EDGE('',*,*,#769,.T.);
#226=ORIENTED_EDGE('',*,*,#762,.T.);
#227=ORIENTED_EDGE('',*,*,#770,.T.);
#228=ORIENTED_EDGE('',*,*,#754,.F.);
#229=ORIENTED_EDGE('',*,*,#771,.T.);
#230=ORIENTED_EDGE('',*,*,#690,.F.);
#231=ORIENTED_EDGE('',*,*,#772,.F.);
#232=ORIENTED_EDGE('',*,*,#707,.F.);
#233=ORIENTED_EDGE('',*,*,#644,.T.);
#234=ORIENTED_EDGE('',*,*,#670,.F.);
#235=ORIENTED_EDGE('',*,*,#773,.F.);
#236=ORIENTED_EDGE('',*,*,#672,.T.);
#237=ORIENTED_EDGE('',*,*,#632,.T.);
#238=ORIENTED_EDGE('',*,*,#774,.F.);
#239=ORIENTED_EDGE('',*,*,#775,.F.);
#240=ORIENTED_EDGE('',*,*,#776,.F.);
#241=ORIENTED_EDGE('',*,*,#777,.F.);
#242=ORIENTED_EDGE('',*,*,#757,.F.);
#243=ORIENTED_EDGE('',*,*,#760,.F.);
#244=ORIENTED_EDGE('',*,*,#763,.F.);
#245=ORIENTED_EDGE('',*,*,#771,.F.);
#246=ORIENTED_EDGE('',*,*,#747,.F.);
#247=ORIENTED_EDGE('',*,*,#750,.F.);
#248=ORIENTED_EDGE('',*,*,#753,.F.);
#249=ORIENTED_EDGE('',*,*,#769,.F.);
#250=ORIENTED_EDGE('',*,*,#737,.F.);
#251=ORIENTED_EDGE('',*,*,#740,.F.);
#252=ORIENTED_EDGE('',*,*,#743,.F.);
#253=ORIENTED_EDGE('',*,*,#767,.F.);
#254=ORIENTED_EDGE('',*,*,#727,.F.);
#255=ORIENTED_EDGE('',*,*,#730,.F.);
#256=ORIENTED_EDGE('',*,*,#733,.F.);
#257=ORIENTED_EDGE('',*,*,#765,.F.);
#258=ORIENTED_EDGE('',*,*,#669,.T.);
#259=ORIENTED_EDGE('',*,*,#722,.T.);
#260=ORIENTED_EDGE('',*,*,#673,.T.);
#261=ORIENTED_EDGE('',*,*,#773,.T.);
#262=ORIENTED_EDGE('',*,*,#778,.F.);
#263=ORIENTED_EDGE('',*,*,#717,.F.);
#264=ORIENTED_EDGE('',*,*,#779,.T.);
#265=ORIENTED_EDGE('',*,*,#662,.F.);
#266=ORIENTED_EDGE('',*,*,#780,.F.);
#267=ORIENTED_EDGE('',*,*,#713,.F.);
#268=ORIENTED_EDGE('',*,*,#781,.T.);
#269=ORIENTED_EDGE('',*,*,#659,.F.);
#270=ORIENTED_EDGE('',*,*,#782,.F.);
#271=ORIENTED_EDGE('',*,*,#710,.F.);
#272=ORIENTED_EDGE('',*,*,#783,.T.);
#273=ORIENTED_EDGE('',*,*,#655,.F.);
#274=ORIENTED_EDGE('',*,*,#784,.F.);
#275=ORIENTED_EDGE('',*,*,#705,.F.);
#276=ORIENTED_EDGE('',*,*,#772,.T.);
#277=ORIENTED_EDGE('',*,*,#689,.T.);
#278=ORIENTED_EDGE('',*,*,#785,.F.);
#279=ORIENTED_EDGE('',*,*,#687,.T.);
#280=ORIENTED_EDGE('',*,*,#786,.T.);
#281=ORIENTED_EDGE('',*,*,#691,.T.);
#282=ORIENTED_EDGE('',*,*,#787,.F.);
#283=ORIENTED_EDGE('',*,*,#683,.T.);
#284=ORIENTED_EDGE('',*,*,#788,.T.);
#285=ORIENTED_EDGE('',*,*,#695,.T.);
#286=ORIENTED_EDGE('',*,*,#789,.F.);
#287=ORIENTED_EDGE('',*,*,#680,.T.);
#288=ORIENTED_EDGE('',*,*,#790,.T.);
#289=ORIENTED_EDGE('',*,*,#698,.T.);
#290=ORIENTED_EDGE('',*,*,#791,.F.);
#291=ORIENTED_EDGE('',*,*,#676,.T.);
#292=ORIENTED_EDGE('',*,*,#792,.T.);
#293=ORIENTED_EDGE('',*,*,#702,.T.);
#294=ORIENTED_EDGE('',*,*,#723,.T.);
#295=ORIENTED_EDGE('',*,*,#720,.F.);
#296=ORIENTED_EDGE('',*,*,#793,.T.);
#297=ORIENTED_EDGE('',*,*,#666,.F.);
#298=ORIENTED_EDGE('',*,*,#768,.F.);
#299=ORIENTED_EDGE('',*,*,#751,.F.);
#300=ORIENTED_EDGE('',*,*,#748,.F.);
#301=ORIENTED_EDGE('',*,*,#745,.F.);
#302=ORIENTED_EDGE('',*,*,#770,.F.);
#303=ORIENTED_EDGE('',*,*,#761,.F.);
#304=ORIENTED_EDGE('',*,*,#758,.F.);
#305=ORIENTED_EDGE('',*,*,#755,.F.);
#306=ORIENTED_EDGE('',*,*,#766,.F.);
#307=ORIENTED_EDGE('',*,*,#741,.F.);
#308=ORIENTED_EDGE('',*,*,#738,.F.);
#309=ORIENTED_EDGE('',*,*,#735,.F.);
#310=ORIENTED_EDGE('',*,*,#764,.F.);
#311=ORIENTED_EDGE('',*,*,#731,.F.);
#312=ORIENTED_EDGE('',*,*,#728,.F.);
#313=ORIENTED_EDGE('',*,*,#725,.F.);
#314=ORIENTED_EDGE('',*,*,#650,.T.);
#315=ORIENTED_EDGE('',*,*,#667,.F.);
#316=ORIENTED_EDGE('',*,*,#793,.F.);
#317=ORIENTED_EDGE('',*,*,#719,.F.);
#318=ORIENTED_EDGE('',*,*,#778,.T.);
#319=ORIENTED_EDGE('',*,*,#665,.F.);
#320=ORIENTED_EDGE('',*,*,#794,.F.);
#321=ORIENTED_EDGE('',*,*,#718,.F.);
#322=ORIENTED_EDGE('',*,*,#794,.T.);
#323=ORIENTED_EDGE('',*,*,#664,.F.);
#324=ORIENTED_EDGE('',*,*,#795,.F.);
#325=ORIENTED_EDGE('',*,*,#715,.F.);
#326=ORIENTED_EDGE('',*,*,#795,.T.);
#327=ORIENTED_EDGE('',*,*,#663,.F.);
#328=ORIENTED_EDGE('',*,*,#779,.F.);
#329=ORIENTED_EDGE('',*,*,#716,.F.);
#330=ORIENTED_EDGE('',*,*,#648,.T.);
#331=ORIENTED_EDGE('',*,*,#714,.F.);
#332=ORIENTED_EDGE('',*,*,#780,.T.);
#333=ORIENTED_EDGE('',*,*,#661,.F.);
#334=ORIENTED_EDGE('',*,*,#646,.T.);
#335=ORIENTED_EDGE('',*,*,#660,.F.);
#336=ORIENTED_EDGE('',*,*,#781,.F.);
#337=ORIENTED_EDGE('',*,*,#712,.F.);
#338=ORIENTED_EDGE('',*,*,#782,.T.);
#339=ORIENTED_EDGE('',*,*,#658,.F.);
#340=ORIENTED_EDGE('',*,*,#796,.F.);
#341=ORIENTED_EDGE('',*,*,#711,.F.);
#342=ORIENTED_EDGE('',*,*,#796,.T.);
#343=ORIENTED_EDGE('',*,*,#657,.F.);
#344=ORIENTED_EDGE('',*,*,#797,.F.);
#345=ORIENTED_EDGE('',*,*,#708,.F.);
#346=ORIENTED_EDGE('',*,*,#797,.T.);
#347=ORIENTED_EDGE('',*,*,#656,.F.);
#348=ORIENTED_EDGE('',*,*,#783,.F.);
#349=ORIENTED_EDGE('',*,*,#709,.F.);
#350=ORIENTED_EDGE('',*,*,#642,.T.);
#351=ORIENTED_EDGE('',*,*,#706,.F.);
#352=ORIENTED_EDGE('',*,*,#784,.T.);
#353=ORIENTED_EDGE('',*,*,#654,.F.);
#354=ORIENTED_EDGE('',*,*,#638,.T.);
#355=ORIENTED_EDGE('',*,*,#703,.F.);
#356=ORIENTED_EDGE('',*,*,#792,.F.);
#357=ORIENTED_EDGE('',*,*,#675,.T.);
#358=ORIENTED_EDGE('',*,*,#798,.F.);
#359=ORIENTED_EDGE('',*,*,#677,.T.);
#360=ORIENTED_EDGE('',*,*,#791,.T.);
#361=ORIENTED_EDGE('',*,*,#701,.F.);
#362=ORIENTED_EDGE('',*,*,#799,.F.);
#363=ORIENTED_EDGE('',*,*,#678,.T.);
#364=ORIENTED_EDGE('',*,*,#798,.T.);
#365=ORIENTED_EDGE('',*,*,#700,.F.);
#366=ORIENTED_EDGE('',*,*,#790,.F.);
#367=ORIENTED_EDGE('',*,*,#679,.T.);
#368=ORIENTED_EDGE('',*,*,#799,.T.);
#369=ORIENTED_EDGE('',*,*,#699,.F.);
#370=ORIENTED_EDGE('',*,*,#636,.T.);
#371=ORIENTED_EDGE('',*,*,#681,.T.);
#372=ORIENTED_EDGE('',*,*,#789,.T.);
#373=ORIENTED_EDGE('',*,*,#697,.F.);
#374=ORIENTED_EDGE('',*,*,#630,.T.);
#375=ORIENTED_EDGE('',*,*,#671,.T.);
#376=ORIENTED_EDGE('',*,*,#785,.T.);
#377=ORIENTED_EDGE('',*,*,#688,.F.);
#378=ORIENTED_EDGE('',*,*,#786,.F.);
#379=ORIENTED_EDGE('',*,*,#686,.T.);
#380=ORIENTED_EDGE('',*,*,#800,.T.);
#381=ORIENTED_EDGE('',*,*,#692,.F.);
#382=ORIENTED_EDGE('',*,*,#800,.F.);
#383=ORIENTED_EDGE('',*,*,#685,.T.);
#384=ORIENTED_EDGE('',*,*,#801,.T.);
#385=ORIENTED_EDGE('',*,*,#693,.F.);
#386=ORIENTED_EDGE('',*,*,#801,.F.);
#387=ORIENTED_EDGE('',*,*,#684,.T.);
#388=ORIENTED_EDGE('',*,*,#787,.T.);
#389=ORIENTED_EDGE('',*,*,#694,.F.);
#390=ORIENTED_EDGE('',*,*,#634,.T.);
#391=ORIENTED_EDGE('',*,*,#696,.F.);
#392=ORIENTED_EDGE('',*,*,#788,.F.);
#393=ORIENTED_EDGE('',*,*,#682,.T.);
#394=ORIENTED_EDGE('',*,*,#774,.T.);
#395=ORIENTED_EDGE('',*,*,#802,.F.);
#396=ORIENTED_EDGE('',*,*,#803,.F.);
#397=ORIENTED_EDGE('',*,*,#804,.T.);
#398=ORIENTED_EDGE('',*,*,#777,.T.);
#399=ORIENTED_EDGE('',*,*,#805,.F.);
#400=ORIENTED_EDGE('',*,*,#806,.F.);
#401=ORIENTED_EDGE('',*,*,#802,.T.);
#402=ORIENTED_EDGE('',*,*,#776,.T.);
#403=ORIENTED_EDGE('',*,*,#807,.F.);
#404=ORIENTED_EDGE('',*,*,#808,.F.);
#405=ORIENTED_EDGE('',*,*,#805,.T.);
#406=ORIENTED_EDGE('',*,*,#775,.T.);
#407=ORIENTED_EDGE('',*,*,#804,.F.);
#408=ORIENTED_EDGE('',*,*,#809,.F.);
#409=ORIENTED_EDGE('',*,*,#807,.T.);
#410=ORIENTED_EDGE('',*,*,#803,.T.);
#411=ORIENTED_EDGE('',*,*,#806,.T.);
#412=ORIENTED_EDGE('',*,*,#808,.T.);
#413=ORIENTED_EDGE('',*,*,#809,.T.);
#414=ORIENTED_EDGE('',*,*,#810,.F.);
#415=ORIENTED_EDGE('',*,*,#811,.T.);
#416=ORIENTED_EDGE('',*,*,#812,.T.);
#417=ORIENTED_EDGE('',*,*,#813,.F.);
#418=ORIENTED_EDGE('',*,*,#814,.F.);
#419=ORIENTED_EDGE('',*,*,#815,.F.);
#420=ORIENTED_EDGE('',*,*,#816,.F.);
#421=ORIENTED_EDGE('',*,*,#817,.T.);
#422=ORIENTED_EDGE('',*,*,#818,.F.);
#423=ORIENTED_EDGE('',*,*,#813,.T.);
#424=ORIENTED_EDGE('',*,*,#819,.T.);
#425=ORIENTED_EDGE('',*,*,#820,.F.);
#426=ORIENTED_EDGE('',*,*,#821,.F.);
#427=ORIENTED_EDGE('',*,*,#822,.F.);
#428=ORIENTED_EDGE('',*,*,#823,.F.);
#429=ORIENTED_EDGE('',*,*,#815,.T.);
#430=ORIENTED_EDGE('',*,*,#824,.F.);
#431=ORIENTED_EDGE('',*,*,#820,.T.);
#432=ORIENTED_EDGE('',*,*,#825,.T.);
#433=ORIENTED_EDGE('',*,*,#826,.F.);
#434=ORIENTED_EDGE('',*,*,#827,.T.);
#435=ORIENTED_EDGE('',*,*,#828,.F.);
#436=ORIENTED_EDGE('',*,*,#829,.F.);
#437=ORIENTED_EDGE('',*,*,#822,.T.);
#438=ORIENTED_EDGE('',*,*,#830,.F.);
#439=ORIENTED_EDGE('',*,*,#826,.T.);
#440=ORIENTED_EDGE('',*,*,#831,.T.);
#441=ORIENTED_EDGE('',*,*,#832,.F.);
#442=ORIENTED_EDGE('',*,*,#833,.F.);
#443=ORIENTED_EDGE('',*,*,#834,.F.);
#444=ORIENTED_EDGE('',*,*,#835,.F.);
#445=ORIENTED_EDGE('',*,*,#828,.T.);
#446=ORIENTED_EDGE('',*,*,#836,.F.);
#447=ORIENTED_EDGE('',*,*,#832,.T.);
#448=ORIENTED_EDGE('',*,*,#837,.T.);
#449=ORIENTED_EDGE('',*,*,#838,.F.);
#450=ORIENTED_EDGE('',*,*,#839,.F.);
#451=ORIENTED_EDGE('',*,*,#840,.F.);
#452=ORIENTED_EDGE('',*,*,#841,.F.);
#453=ORIENTED_EDGE('',*,*,#842,.F.);
#454=ORIENTED_EDGE('',*,*,#843,.F.);
#455=ORIENTED_EDGE('',*,*,#844,.F.);
#456=ORIENTED_EDGE('',*,*,#845,.F.);
#457=ORIENTED_EDGE('',*,*,#834,.T.);
#458=ORIENTED_EDGE('',*,*,#846,.F.);
#459=ORIENTED_EDGE('',*,*,#847,.F.);
#460=ORIENTED_EDGE('',*,*,#848,.F.);
#461=ORIENTED_EDGE('',*,*,#849,.T.);
#462=ORIENTED_EDGE('',*,*,#850,.T.);
#463=ORIENTED_EDGE('',*,*,#851,.F.);
#464=ORIENTED_EDGE('',*,*,#852,.F.);
#465=ORIENTED_EDGE('',*,*,#853,.F.);
#466=ORIENTED_EDGE('',*,*,#854,.T.);
#467=ORIENTED_EDGE('',*,*,#855,.T.);
#468=ORIENTED_EDGE('',*,*,#856,.T.);
#469=ORIENTED_EDGE('',*,*,#857,.F.);
#470=ORIENTED_EDGE('',*,*,#858,.F.);
#471=ORIENTED_EDGE('',*,*,#857,.T.);
#472=ORIENTED_EDGE('',*,*,#859,.T.);
#473=ORIENTED_EDGE('',*,*,#860,.F.);
#474=ORIENTED_EDGE('',*,*,#861,.F.);
#475=ORIENTED_EDGE('',*,*,#862,.F.);
#476=ORIENTED_EDGE('',*,*,#863,.F.);
#477=ORIENTED_EDGE('',*,*,#847,.T.);
#478=ORIENTED_EDGE('',*,*,#864,.F.);
#479=ORIENTED_EDGE('',*,*,#860,.T.);
#480=ORIENTED_EDGE('',*,*,#865,.T.);
#481=ORIENTED_EDGE('',*,*,#866,.F.);
#482=ORIENTED_EDGE('',*,*,#867,.T.);
#483=ORIENTED_EDGE('',*,*,#868,.F.);
#484=ORIENTED_EDGE('',*,*,#869,.F.);
#485=ORIENTED_EDGE('',*,*,#862,.T.);
#486=ORIENTED_EDGE('',*,*,#870,.F.);
#487=ORIENTED_EDGE('',*,*,#866,.T.);
#488=ORIENTED_EDGE('',*,*,#871,.T.);
#489=ORIENTED_EDGE('',*,*,#872,.F.);
#490=ORIENTED_EDGE('',*,*,#873,.F.);
#491=ORIENTED_EDGE('',*,*,#874,.F.);
#492=ORIENTED_EDGE('',*,*,#875,.F.);
#493=ORIENTED_EDGE('',*,*,#868,.T.);
#494=ORIENTED_EDGE('',*,*,#876,.F.);
#495=ORIENTED_EDGE('',*,*,#872,.T.);
#496=ORIENTED_EDGE('',*,*,#877,.T.);
#497=ORIENTED_EDGE('',*,*,#878,.F.);
#498=ORIENTED_EDGE('',*,*,#879,.F.);
#499=ORIENTED_EDGE('',*,*,#880,.F.);
#500=ORIENTED_EDGE('',*,*,#881,.F.);
#501=ORIENTED_EDGE('',*,*,#874,.T.);
#502=ORIENTED_EDGE('',*,*,#882,.F.);
#503=ORIENTED_EDGE('',*,*,#883,.T.);
#504=ORIENTED_EDGE('',*,*,#878,.T.);
#505=ORIENTED_EDGE('',*,*,#884,.F.);
#506=ORIENTED_EDGE('',*,*,#880,.T.);
#507=ORIENTED_EDGE('',*,*,#885,.T.);
#508=ORIENTED_EDGE('',*,*,#886,.F.);
#509=ORIENTED_EDGE('',*,*,#887,.T.);
#510=ORIENTED_EDGE('',*,*,#888,.F.);
#511=ORIENTED_EDGE('',*,*,#882,.T.);
#512=ORIENTED_EDGE('',*,*,#889,.T.);
#513=ORIENTED_EDGE('',*,*,#890,.F.);
#514=ORIENTED_EDGE('',*,*,#891,.F.);
#515=ORIENTED_EDGE('',*,*,#886,.T.);
#516=ORIENTED_EDGE('',*,*,#892,.F.);
#517=ORIENTED_EDGE('',*,*,#893,.F.);
#518=ORIENTED_EDGE('',*,*,#894,.F.);
#519=ORIENTED_EDGE('',*,*,#895,.F.);
#520=ORIENTED_EDGE('',*,*,#896,.F.);
#521=ORIENTED_EDGE('',*,*,#897,.F.);
#522=ORIENTED_EDGE('',*,*,#898,.F.);
#523=ORIENTED_EDGE('',*,*,#899,.T.);
#524=ORIENTED_EDGE('',*,*,#900,.T.);
#525=ORIENTED_EDGE('',*,*,#901,.F.);
#526=ORIENTED_EDGE('',*,*,#811,.F.);
#527=ORIENTED_EDGE('',*,*,#902,.T.);
#528=ORIENTED_EDGE('',*,*,#901,.T.);
#529=ORIENTED_EDGE('',*,*,#903,.F.);
#530=ORIENTED_EDGE('',*,*,#897,.T.);
#531=ORIENTED_EDGE('',*,*,#904,.T.);
#532=ORIENTED_EDGE('',*,*,#817,.F.);
#533=ORIENTED_EDGE('',*,*,#905,.T.);
#534=ORIENTED_EDGE('',*,*,#906,.F.);
#535=ORIENTED_EDGE('',*,*,#853,.T.);
#536=ORIENTED_EDGE('',*,*,#907,.T.);
#537=ORIENTED_EDGE('',*,*,#893,.T.);
#538=ORIENTED_EDGE('',*,*,#908,.F.);
#539=ORIENTED_EDGE('',*,*,#851,.T.);
#540=ORIENTED_EDGE('',*,*,#909,.F.);
#541=ORIENTED_EDGE('',*,*,#842,.T.);
#542=ORIENTED_EDGE('',*,*,#910,.F.);
#543=ORIENTED_EDGE('',*,*,#895,.T.);
#544=ORIENTED_EDGE('',*,*,#911,.T.);
#545=ORIENTED_EDGE('',*,*,#840,.T.);
#546=ORIENTED_EDGE('',*,*,#891,.T.);
#547=ORIENTED_EDGE('',*,*,#912,.T.);
#548=ORIENTED_EDGE('',*,*,#848,.T.);
#549=ORIENTED_EDGE('',*,*,#863,.T.);
#550=ORIENTED_EDGE('',*,*,#869,.T.);
#551=ORIENTED_EDGE('',*,*,#875,.T.);
#552=ORIENTED_EDGE('',*,*,#881,.T.);
#553=ORIENTED_EDGE('',*,*,#887,.F.);
#554=ORIENTED_EDGE('',*,*,#856,.F.);
#555=ORIENTED_EDGE('',*,*,#913,.F.);
#556=ORIENTED_EDGE('',*,*,#889,.F.);
#557=ORIENTED_EDGE('',*,*,#884,.T.);
#558=ORIENTED_EDGE('',*,*,#877,.F.);
#559=ORIENTED_EDGE('',*,*,#871,.F.);
#560=ORIENTED_EDGE('',*,*,#865,.F.);
#561=ORIENTED_EDGE('',*,*,#859,.F.);
#562=ORIENTED_EDGE('',*,*,#914,.F.);
#563=ORIENTED_EDGE('',*,*,#844,.T.);
#564=ORIENTED_EDGE('',*,*,#915,.T.);
#565=ORIENTED_EDGE('',*,*,#849,.F.);
#566=ORIENTED_EDGE('',*,*,#912,.F.);
#567=ORIENTED_EDGE('',*,*,#890,.T.);
#568=ORIENTED_EDGE('',*,*,#913,.T.);
#569=ORIENTED_EDGE('',*,*,#855,.F.);
#570=ORIENTED_EDGE('',*,*,#916,.F.);
#571=ORIENTED_EDGE('',*,*,#838,.T.);
#572=ORIENTED_EDGE('',*,*,#917,.T.);
#573=ORIENTED_EDGE('',*,*,#899,.F.);
#574=ORIENTED_EDGE('',*,*,#845,.T.);
#575=ORIENTED_EDGE('',*,*,#914,.T.);
#576=ORIENTED_EDGE('',*,*,#898,.T.);
#577=ORIENTED_EDGE('',*,*,#905,.F.);
#578=ORIENTED_EDGE('',*,*,#816,.T.);
#579=ORIENTED_EDGE('',*,*,#823,.T.);
#580=ORIENTED_EDGE('',*,*,#829,.T.);
#581=ORIENTED_EDGE('',*,*,#835,.T.);
#582=ORIENTED_EDGE('',*,*,#917,.F.);
#583=ORIENTED_EDGE('',*,*,#837,.F.);
#584=ORIENTED_EDGE('',*,*,#831,.F.);
#585=ORIENTED_EDGE('',*,*,#825,.F.);
#586=ORIENTED_EDGE('',*,*,#819,.F.);
#587=ORIENTED_EDGE('',*,*,#812,.F.);
#588=ORIENTED_EDGE('',*,*,#903,.T.);
#589=ORIENTED_EDGE('',*,*,#900,.F.);
#590=ORIENTED_EDGE('',*,*,#906,.T.);
#591=ORIENTED_EDGE('',*,*,#839,.T.);
#592=ORIENTED_EDGE('',*,*,#916,.T.);
#593=ORIENTED_EDGE('',*,*,#854,.F.);
#594=ORIENTED_EDGE('',*,*,#909,.T.);
#595=ORIENTED_EDGE('',*,*,#850,.F.);
#596=ORIENTED_EDGE('',*,*,#915,.F.);
#597=ORIENTED_EDGE('',*,*,#843,.T.);
#598=ORIENTED_EDGE('',*,*,#833,.T.);
#599=ORIENTED_EDGE('',*,*,#827,.F.);
#600=ORIENTED_EDGE('',*,*,#821,.T.);
#601=ORIENTED_EDGE('',*,*,#814,.T.);
#602=ORIENTED_EDGE('',*,*,#904,.F.);
#603=ORIENTED_EDGE('',*,*,#896,.T.);
#604=ORIENTED_EDGE('',*,*,#910,.T.);
#605=ORIENTED_EDGE('',*,*,#841,.T.);
#606=ORIENTED_EDGE('',*,*,#836,.T.);
#607=ORIENTED_EDGE('',*,*,#911,.F.);
#608=ORIENTED_EDGE('',*,*,#894,.T.);
#609=ORIENTED_EDGE('',*,*,#902,.F.);
#610=ORIENTED_EDGE('',*,*,#810,.T.);
#611=ORIENTED_EDGE('',*,*,#818,.T.);
#612=ORIENTED_EDGE('',*,*,#824,.T.);
#613=ORIENTED_EDGE('',*,*,#830,.T.);
#614=ORIENTED_EDGE('',*,*,#852,.T.);
#615=ORIENTED_EDGE('',*,*,#858,.T.);
#616=ORIENTED_EDGE('',*,*,#864,.T.);
#617=ORIENTED_EDGE('',*,*,#870,.T.);
#618=ORIENTED_EDGE('',*,*,#876,.T.);
#619=ORIENTED_EDGE('',*,*,#883,.F.);
#620=ORIENTED_EDGE('',*,*,#888,.T.);
#621=ORIENTED_EDGE('',*,*,#907,.F.);
#622=ORIENTED_EDGE('',*,*,#846,.T.);
#623=ORIENTED_EDGE('',*,*,#908,.T.);
#624=ORIENTED_EDGE('',*,*,#892,.T.);
#625=ORIENTED_EDGE('',*,*,#885,.F.);
#626=ORIENTED_EDGE('',*,*,#879,.T.);
#627=ORIENTED_EDGE('',*,*,#873,.T.);
#628=ORIENTED_EDGE('',*,*,#867,.F.);
#629=ORIENTED_EDGE('',*,*,#861,.T.);
#630=EDGE_CURVE('',#918,#919,#1110,.T.);
#631=EDGE_CURVE('',#920,#918,#1111,.T.);
#632=EDGE_CURVE('',#921,#920,#1112,.T.);
#633=EDGE_CURVE('',#919,#921,#1113,.T.);
#634=EDGE_CURVE('',#922,#923,#1114,.T.);
#635=EDGE_CURVE('',#924,#922,#1115,.T.);
#636=EDGE_CURVE('',#925,#924,#1116,.T.);
#637=EDGE_CURVE('',#923,#925,#1117,.T.);
#638=EDGE_CURVE('',#926,#927,#1118,.T.);
#639=EDGE_CURVE('',#928,#926,#1119,.T.);
#640=EDGE_CURVE('',#929,#928,#1120,.T.);
#641=EDGE_CURVE('',#927,#929,#1121,.T.);
#642=EDGE_CURVE('',#930,#931,#1122,.T.);
#643=EDGE_CURVE('',#932,#930,#1123,.T.);
#644=EDGE_CURVE('',#933,#932,#1124,.T.);
#645=EDGE_CURVE('',#931,#933,#1125,.T.);
#646=EDGE_CURVE('',#934,#935,#1126,.T.);
#647=EDGE_CURVE('',#936,#934,#1127,.T.);
#648=EDGE_CURVE('',#937,#936,#1128,.T.);
#649=EDGE_CURVE('',#935,#937,#1129,.T.);
#650=EDGE_CURVE('',#938,#939,#1130,.T.);
#651=EDGE_CURVE('',#940,#938,#1131,.T.);
#652=EDGE_CURVE('',#941,#940,#1132,.T.);
#653=EDGE_CURVE('',#939,#941,#1133,.T.);
#654=EDGE_CURVE('',#930,#942,#1134,.T.);
#655=EDGE_CURVE('',#942,#943,#1135,.T.);
#656=EDGE_CURVE('',#943,#944,#1136,.T.);
#657=EDGE_CURVE('',#944,#945,#1137,.T.);
#658=EDGE_CURVE('',#945,#946,#1138,.T.);
#659=EDGE_CURVE('',#946,#947,#1139,.T.);
#660=EDGE_CURVE('',#947,#935,#1140,.T.);
#661=EDGE_CURVE('',#937,#948,#1141,.T.);
#662=EDGE_CURVE('',#948,#949,#1142,.T.);
#663=EDGE_CURVE('',#949,#950,#1143,.T.);
#664=EDGE_CURVE('',#950,#951,#1144,.T.);
#665=EDGE_CURVE('',#951,#952,#1145,.T.);
#666=EDGE_CURVE('',#952,#953,#1146,.T.);
#667=EDGE_CURVE('',#953,#939,#1147,.T.);
#668=EDGE_CURVE('',#954,#941,#1148,.T.);
#669=EDGE_CURVE('',#955,#954,#1149,.T.);
#670=EDGE_CURVE('',#955,#932,#1150,.T.);
#671=EDGE_CURVE('',#919,#956,#1151,.T.);
#672=EDGE_CURVE('',#957,#921,#1152,.T.);
#673=EDGE_CURVE('',#958,#957,#1153,.T.);
#674=EDGE_CURVE('',#958,#928,#1154,.T.);
#675=EDGE_CURVE('',#959,#926,#1155,.T.);
#676=EDGE_CURVE('',#960,#959,#1156,.T.);
#677=EDGE_CURVE('',#961,#960,#1157,.T.);
#678=EDGE_CURVE('',#962,#961,#1158,.T.);
#679=EDGE_CURVE('',#963,#962,#1159,.T.);
#680=EDGE_CURVE('',#964,#963,#1160,.T.);
#681=EDGE_CURVE('',#924,#964,#1161,.T.);
#682=EDGE_CURVE('',#965,#922,#1162,.T.);
#683=EDGE_CURVE('',#966,#965,#1163,.T.);
#684=EDGE_CURVE('',#967,#966,#1164,.T.);
#685=EDGE_CURVE('',#968,#967,#1165,.T.);
#686=EDGE_CURVE('',#969,#968,#1166,.T.);
#687=EDGE_CURVE('',#956,#969,#1167,.T.);
#688=EDGE_CURVE('',#918,#970,#1168,.T.);
#689=EDGE_CURVE('',#971,#970,#1169,.T.);
#690=EDGE_CURVE('',#971,#920,#1170,.T.);
#691=EDGE_CURVE('',#972,#973,#1171,.T.);
#692=EDGE_CURVE('',#972,#974,#1172,.T.);
#693=EDGE_CURVE('',#974,#975,#1173,.T.);
#694=EDGE_CURVE('',#975,#973,#1174,.T.);
#695=EDGE_CURVE('',#976,#977,#1175,.T.);
#696=EDGE_CURVE('',#976,#923,#1176,.T.);
#697=EDGE_CURVE('',#925,#977,#1177,.T.);
#698=EDGE_CURVE('',#978,#979,#1178,.T.);
#699=EDGE_CURVE('',#978,#980,#1179,.T.);
#700=EDGE_CURVE('',#980,#981,#1180,.T.);
#701=EDGE_CURVE('',#981,#979,#1181,.T.);
#702=EDGE_CURVE('',#982,#983,#1182,.T.);
#703=EDGE_CURVE('',#982,#927,#1183,.T.);
#704=EDGE_CURVE('',#929,#983,#1184,.T.);
#705=EDGE_CURVE('',#984,#985,#1185,.T.);
#706=EDGE_CURVE('',#985,#931,#1186,.T.);
#707=EDGE_CURVE('',#933,#984,#1187,.T.);
#708=EDGE_CURVE('',#986,#987,#1188,.T.);
#709=EDGE_CURVE('',#987,#988,#1189,.T.);
#710=EDGE_CURVE('',#988,#989,#1190,.T.);
#711=EDGE_CURVE('',#989,#986,#1191,.T.);
#712=EDGE_CURVE('',#934,#990,#1192,.T.);
#713=EDGE_CURVE('',#990,#991,#1193,.T.);
#714=EDGE_CURVE('',#991,#936,#1194,.T.);
#715=EDGE_CURVE('',#992,#993,#1195,.T.);
#716=EDGE_CURVE('',#993,#994,#1196,.T.);
#717=EDGE_CURVE('',#994,#995,#1197,.T.);
#718=EDGE_CURVE('',#995,#992,#1198,.T.);
#719=EDGE_CURVE('',#938,#996,#1199,.T.);
#720=EDGE_CURVE('',#996,#997,#1200,.T.);
#721=EDGE_CURVE('',#997,#940,#1201,.T.);
#722=EDGE_CURVE('',#954,#958,#1202,.T.);
#723=EDGE_CURVE('',#983,#997,#1203,.T.);
#724=EDGE_CURVE('',#998,#999,#1204,.T.);
#725=EDGE_CURVE('',#999,#1000,#1205,.T.);
#726=EDGE_CURVE('',#1001,#1000,#1206,.T.);
#727=EDGE_CURVE('',#1001,#998,#1207,.T.);
#728=EDGE_CURVE('',#1000,#1002,#1208,.T.);
#729=EDGE_CURVE('',#1003,#1002,#1209,.T.);
#730=EDGE_CURVE('',#1003,#1001,#1210,.T.);
#731=EDGE_CURVE('',#1002,#1004,#1211,.T.);
#732=EDGE_CURVE('',#1005,#1004,#1212,.T.);
#733=EDGE_CURVE('',#1005,#1003,#1213,.T.);
#734=EDGE_CURVE('',#1006,#1007,#1214,.T.);
#735=EDGE_CURVE('',#1007,#1008,#1215,.T.);
#736=EDGE_CURVE('',#1009,#1008,#1216,.T.);
#737=EDGE_CURVE('',#1009,#1006,#1217,.T.);
#738=EDGE_CURVE('',#1008,#1010,#1218,.T.);
#739=EDGE_CURVE('',#1011,#1010,#1219,.T.);
#740=EDGE_CURVE('',#1011,#1009,#1220,.T.);
#741=EDGE_CURVE('',#1010,#1012,#1221,.T.);
#742=EDGE_CURVE('',#1013,#1012,#1222,.T.);
#743=EDGE_CURVE('',#1013,#1011,#1223,.T.);
#744=EDGE_CURVE('',#1014,#1015,#1224,.T.);
#745=EDGE_CURVE('',#1015,#1016,#1225,.T.);
#746=EDGE_CURVE('',#1017,#1016,#1226,.T.);
#747=EDGE_CURVE('',#1017,#1014,#1227,.T.);
#748=EDGE_CURVE('',#1016,#1018,#1228,.T.);
#749=EDGE_CURVE('',#1019,#1018,#1229,.T.);
#750=EDGE_CURVE('',#1019,#1017,#1230,.T.);
#751=EDGE_CURVE('',#1018,#1020,#1231,.T.);
#752=EDGE_CURVE('',#1021,#1020,#1232,.T.);
#753=EDGE_CURVE('',#1021,#1019,#1233,.T.);
#754=EDGE_CURVE('',#1022,#1023,#1234,.T.);
#755=EDGE_CURVE('',#1023,#1024,#1235,.T.);
#756=EDGE_CURVE('',#1025,#1024,#1236,.T.);
#757=EDGE_CURVE('',#1025,#1022,#1237,.T.);
#758=EDGE_CURVE('',#1024,#1026,#1238,.T.);
#759=EDGE_CURVE('',#1027,#1026,#1239,.T.);
#760=EDGE_CURVE('',#1027,#1025,#1240,.T.);
#761=EDGE_CURVE('',#1026,#1028,#1241,.T.);
#762=EDGE_CURVE('',#1029,#1028,#1242,.T.);
#763=EDGE_CURVE('',#1029,#1027,#1243,.T.);
#764=EDGE_CURVE('',#1004,#999,#1244,.T.);
#765=EDGE_CURVE('',#998,#1005,#1245,.T.);
#766=EDGE_CURVE('',#1012,#1007,#1246,.T.);
#767=EDGE_CURVE('',#1006,#1013,#1247,.T.);
#768=EDGE_CURVE('',#1020,#1015,#1248,.T.);
#769=EDGE_CURVE('',#1014,#1021,#1249,.T.);
#770=EDGE_CURVE('',#1028,#1023,#1250,.T.);
#771=EDGE_CURVE('',#1022,#1029,#1251,.T.);
#772=EDGE_CURVE('',#984,#971,#1252,.T.);
#773=EDGE_CURVE('',#957,#955,#1253,.T.);
#774=EDGE_CURVE('',#1030,#1031,#1254,.T.);
#775=EDGE_CURVE('',#1032,#1030,#1255,.T.);
#776=EDGE_CURVE('',#1033,#1032,#1256,.T.);
#777=EDGE_CURVE('',#1031,#1033,#1257,.T.);
#778=EDGE_CURVE('',#995,#952,#1258,.T.);
#779=EDGE_CURVE('',#994,#949,#1259,.T.);
#780=EDGE_CURVE('',#991,#948,#1260,.T.);
#781=EDGE_CURVE('',#990,#947,#1261,.T.);
#782=EDGE_CURVE('',#989,#946,#1262,.T.);
#783=EDGE_CURVE('',#988,#943,#1263,.T.);
#784=EDGE_CURVE('',#985,#942,#1264,.T.);
#785=EDGE_CURVE('',#956,#970,#1265,.T.);
#786=EDGE_CURVE('',#969,#972,#1266,.T.);
#787=EDGE_CURVE('',#966,#973,#1267,.T.);
#788=EDGE_CURVE('',#965,#976,#1268,.T.);
#789=EDGE_CURVE('',#964,#977,#1269,.T.);
#790=EDGE_CURVE('',#963,#978,#1270,.T.);
#791=EDGE_CURVE('',#960,#979,#1271,.T.);
#792=EDGE_CURVE('',#959,#982,#1272,.T.);
#793=EDGE_CURVE('',#996,#953,#1273,.T.);
#794=EDGE_CURVE('',#992,#951,#1274,.T.);
#795=EDGE_CURVE('',#993,#950,#1275,.T.);
#796=EDGE_CURVE('',#986,#945,#1276,.T.);
#797=EDGE_CURVE('',#987,#944,#1277,.T.);
#798=EDGE_CURVE('',#961,#981,#1278,.T.);
#799=EDGE_CURVE('',#962,#980,#1279,.T.);
#800=EDGE_CURVE('',#968,#974,#1280,.T.);
#801=EDGE_CURVE('',#967,#975,#1281,.T.);
#802=EDGE_CURVE('',#1034,#1031,#1282,.T.);
#803=EDGE_CURVE('',#1035,#1034,#1283,.T.);
#804=EDGE_CURVE('',#1035,#1030,#1284,.T.);
#805=EDGE_CURVE('',#1036,#1033,#1285,.T.);
#806=EDGE_CURVE('',#1034,#1036,#1286,.T.);
#807=EDGE_CURVE('',#1037,#1032,#1287,.T.);
#808=EDGE_CURVE('',#1036,#1037,#1288,.T.);
#809=EDGE_CURVE('',#1037,#1035,#1289,.T.);
#810=EDGE_CURVE('',#1038,#1039,#1290,.T.);
#811=EDGE_CURVE('',#1038,#1040,#1291,.T.);
#812=EDGE_CURVE('',#1040,#1041,#1292,.T.);
#813=EDGE_CURVE('',#1039,#1041,#1293,.T.);
#814=EDGE_CURVE('',#1042,#1043,#1294,.T.);
#815=EDGE_CURVE('',#1044,#1042,#1295,.T.);
#816=EDGE_CURVE('',#1045,#1044,#1296,.T.);
#817=EDGE_CURVE('',#1045,#1043,#1297,.T.);
#818=EDGE_CURVE('',#1039,#1046,#1298,.T.);
#819=EDGE_CURVE('',#1041,#1047,#1299,.T.);
#820=EDGE_CURVE('',#1046,#1047,#1300,.T.);
#821=EDGE_CURVE('',#1048,#1042,#1301,.T.);
#822=EDGE_CURVE('',#1049,#1048,#1302,.T.);
#823=EDGE_CURVE('',#1044,#1049,#1303,.T.);
#824=EDGE_CURVE('',#1046,#1050,#1304,.T.);
#825=EDGE_CURVE('',#1047,#1051,#1305,.T.);
#826=EDGE_CURVE('',#1050,#1051,#1306,.T.);
#827=EDGE_CURVE('',#1048,#1052,#1307,.T.);
#828=EDGE_CURVE('',#1053,#1052,#1308,.T.);
#829=EDGE_CURVE('',#1049,#1053,#1309,.T.);
#830=EDGE_CURVE('',#1050,#1054,#18,.T.);
#831=EDGE_CURVE('',#1051,#1055,#19,.T.);
#832=EDGE_CURVE('',#1054,#1055,#1310,.T.);
#833=EDGE_CURVE('',#1056,#1052,#20,.T.);
#834=EDGE_CURVE('',#1057,#1056,#1311,.T.);
#835=EDGE_CURVE('',#1053,#1057,#21,.T.);
#836=EDGE_CURVE('',#1054,#1058,#1312,.T.);
#837=EDGE_CURVE('',#1055,#1059,#1313,.T.);
#838=EDGE_CURVE('',#1060,#1059,#1314,.T.);
#839=EDGE_CURVE('',#1061,#1060,#1315,.T.);
#840=EDGE_CURVE('',#1058,#1061,#1316,.T.);
#841=EDGE_CURVE('',#1062,#1056,#1317,.T.);
#842=EDGE_CURVE('',#1063,#1062,#1318,.T.);
#843=EDGE_CURVE('',#1064,#1063,#1319,.T.);
#844=EDGE_CURVE('',#1065,#1064,#1320,.T.);
#845=EDGE_CURVE('',#1057,#1065,#1321,.T.);
#846=EDGE_CURVE('',#1066,#1067,#1322,.T.);
#847=EDGE_CURVE('',#1068,#1066,#1323,.T.);
#848=EDGE_CURVE('',#1069,#1068,#1324,.T.);
#849=EDGE_CURVE('',#1069,#1070,#1325,.T.);
#850=EDGE_CURVE('',#1070,#1071,#1326,.T.);
#851=EDGE_CURVE('',#1067,#1071,#1327,.T.);
#852=EDGE_CURVE('',#1072,#1073,#1328,.T.);
#853=EDGE_CURVE('',#1074,#1072,#1329,.T.);
#854=EDGE_CURVE('',#1074,#1075,#1330,.T.);
#855=EDGE_CURVE('',#1075,#1076,#1331,.T.);
#856=EDGE_CURVE('',#1076,#1077,#1332,.T.);
#857=EDGE_CURVE('',#1073,#1077,#1333,.T.);
#858=EDGE_CURVE('',#1073,#1078,#22,.T.);
#859=EDGE_CURVE('',#1077,#1079,#23,.T.);
#860=EDGE_CURVE('',#1078,#1079,#1334,.T.);
#861=EDGE_CURVE('',#1080,#1066,#24,.T.);
#862=EDGE_CURVE('',#1081,#1080,#1335,.T.);
#863=EDGE_CURVE('',#1068,#1081,#25,.T.);
#864=EDGE_CURVE('',#1078,#1082,#1336,.T.);
#865=EDGE_CURVE('',#1079,#1083,#1337,.T.);
#866=EDGE_CURVE('',#1082,#1083,#1338,.T.);
#867=EDGE_CURVE('',#1080,#1084,#1339,.T.);
#868=EDGE_CURVE('',#1085,#1084,#1340,.T.);
#869=EDGE_CURVE('',#1081,#1085,#1341,.T.);
#870=EDGE_CURVE('',#1082,#1086,#1342,.T.);
#871=EDGE_CURVE('',#1083,#1087,#1343,.T.);
#872=EDGE_CURVE('',#1086,#1087,#1344,.T.);
#873=EDGE_CURVE('',#1088,#1084,#1345,.T.);
#874=EDGE_CURVE('',#1089,#1088,#1346,.T.);
#875=EDGE_CURVE('',#1085,#1089,#1347,.T.);
#876=EDGE_CURVE('',#1086,#1090,#1348,.T.);
#877=EDGE_CURVE('',#1087,#1091,#1349,.T.);
#878=EDGE_CURVE('',#1090,#1091,#1350,.T.);
#879=EDGE_CURVE('',#1092,#1088,#1351,.T.);
#880=EDGE_CURVE('',#1093,#1092,#1352,.T.);
#881=EDGE_CURVE('',#1089,#1093,#1353,.T.);
#882=EDGE_CURVE('',#1094,#1095,#1354,.T.);
#883=EDGE_CURVE('',#1094,#1090,#26,.T.);
#884=EDGE_CURVE('',#1095,#1091,#27,.T.);
#885=EDGE_CURVE('',#1092,#1096,#28,.T.);
#886=EDGE_CURVE('',#1097,#1096,#1355,.T.);
#887=EDGE_CURVE('',#1097,#1093,#29,.T.);
#888=EDGE_CURVE('',#1094,#1098,#1356,.T.);
#889=EDGE_CURVE('',#1095,#1099,#1357,.T.);
#890=EDGE_CURVE('',#1100,#1099,#1358,.T.);
#891=EDGE_CURVE('',#1097,#1100,#1359,.T.);
#892=EDGE_CURVE('',#1101,#1096,#1360,.T.);
#893=EDGE_CURVE('',#1098,#1101,#1361,.T.);
#894=EDGE_CURVE('',#1102,#1103,#1362,.T.);
#895=EDGE_CURVE('',#1104,#1102,#1363,.T.);
#896=EDGE_CURVE('',#1105,#1104,#1364,.T.);
#897=EDGE_CURVE('',#1106,#1105,#1365,.T.);
#898=EDGE_CURVE('',#1107,#1106,#1366,.T.);
#899=EDGE_CURVE('',#1107,#1108,#1367,.T.);
#900=EDGE_CURVE('',#1108,#1109,#1368,.T.);
#901=EDGE_CURVE('',#1103,#1109,#1369,.T.);
#902=EDGE_CURVE('',#1038,#1103,#30,.T.);
#903=EDGE_CURVE('',#1040,#1109,#31,.T.);
#904=EDGE_CURVE('',#1105,#1043,#32,.T.);
#905=EDGE_CURVE('',#1045,#1106,#33,.T.);
#906=EDGE_CURVE('',#1074,#1061,#1370,.T.);
#907=EDGE_CURVE('',#1072,#1098,#1371,.T.);
#908=EDGE_CURVE('',#1067,#1101,#1372,.T.);
#909=EDGE_CURVE('',#1063,#1071,#1373,.T.);
#910=EDGE_CURVE('',#1104,#1062,#1374,.T.);
#911=EDGE_CURVE('',#1102,#1058,#1375,.T.);
#912=EDGE_CURVE('',#1100,#1069,#1376,.T.);
#913=EDGE_CURVE('',#1099,#1076,#1377,.T.);
#914=EDGE_CURVE('',#1065,#1107,#1378,.T.);
#915=EDGE_CURVE('',#1064,#1070,#1379,.T.);
#916=EDGE_CURVE('',#1060,#1075,#1380,.T.);
#917=EDGE_CURVE('',#1059,#1108,#1381,.T.);
#918=VERTEX_POINT('',#2729);
#919=VERTEX_POINT('',#2730);
#920=VERTEX_POINT('',#2732);
#921=VERTEX_POINT('',#2734);
#922=VERTEX_POINT('',#2738);
#923=VERTEX_POINT('',#2739);
#924=VERTEX_POINT('',#2741);
#925=VERTEX_POINT('',#2743);
#926=VERTEX_POINT('',#2747);
#927=VERTEX_POINT('',#2748);
#928=VERTEX_POINT('',#2750);
#929=VERTEX_POINT('',#2752);
#930=VERTEX_POINT('',#2756);
#931=VERTEX_POINT('',#2757);
#932=VERTEX_POINT('',#2759);
#933=VERTEX_POINT('',#2761);
#934=VERTEX_POINT('',#2765);
#935=VERTEX_POINT('',#2766);
#936=VERTEX_POINT('',#2768);
#937=VERTEX_POINT('',#2770);
#938=VERTEX_POINT('',#2774);
#939=VERTEX_POINT('',#2775);
#940=VERTEX_POINT('',#2777);
#941=VERTEX_POINT('',#2779);
#942=VERTEX_POINT('',#2783);
#943=VERTEX_POINT('',#2785);
#944=VERTEX_POINT('',#2787);
#945=VERTEX_POINT('',#2789);
#946=VERTEX_POINT('',#2791);
#947=VERTEX_POINT('',#2793);
#948=VERTEX_POINT('',#2796);
#949=VERTEX_POINT('',#2798);
#950=VERTEX_POINT('',#2800);
#951=VERTEX_POINT('',#2802);
#952=VERTEX_POINT('',#2804);
#953=VERTEX_POINT('',#2806);
#954=VERTEX_POINT('',#2809);
#955=VERTEX_POINT('',#2811);
#956=VERTEX_POINT('',#2815);
#957=VERTEX_POINT('',#2817);
#958=VERTEX_POINT('',#2819);
#959=VERTEX_POINT('',#2822);
#960=VERTEX_POINT('',#2824);
#961=VERTEX_POINT('',#2826);
#962=VERTEX_POINT('',#2828);
#963=VERTEX_POINT('',#2830);
#964=VERTEX_POINT('',#2832);
#965=VERTEX_POINT('',#2835);
#966=VERTEX_POINT('',#2837);
#967=VERTEX_POINT('',#2839);
#968=VERTEX_POINT('',#2841);
#969=VERTEX_POINT('',#2843);
#970=VERTEX_POINT('',#2847);
#971=VERTEX_POINT('',#2849);
#972=VERTEX_POINT('',#2853);
#973=VERTEX_POINT('',#2854);
#974=VERTEX_POINT('',#2856);
#975=VERTEX_POINT('',#2858);
#976=VERTEX_POINT('',#2862);
#977=VERTEX_POINT('',#2863);
#978=VERTEX_POINT('',#2868);
#979=VERTEX_POINT('',#2869);
#980=VERTEX_POINT('',#2871);
#981=VERTEX_POINT('',#2873);
#982=VERTEX_POINT('',#2877);
#983=VERTEX_POINT('',#2878);
#984=VERTEX_POINT('',#2883);
#985=VERTEX_POINT('',#2884);
#986=VERTEX_POINT('',#2889);
#987=VERTEX_POINT('',#2890);
#988=VERTEX_POINT('',#2892);
#989=VERTEX_POINT('',#2894);
#990=VERTEX_POINT('',#2898);
#991=VERTEX_POINT('',#2900);
#992=VERTEX_POINT('',#2904);
#993=VERTEX_POINT('',#2905);
#994=VERTEX_POINT('',#2907);
#995=VERTEX_POINT('',#2909);
#996=VERTEX_POINT('',#2913);
#997=VERTEX_POINT('',#2915);
#998=VERTEX_POINT('',#2922);
#999=VERTEX_POINT('',#2923);
#1000=VERTEX_POINT('',#2925);
#1001=VERTEX_POINT('',#2927);
#1002=VERTEX_POINT('',#2931);
#1003=VERTEX_POINT('',#2933);
#1004=VERTEX_POINT('',#2937);
#1005=VERTEX_POINT('',#2939);
#1006=VERTEX_POINT('',#2943);
#1007=VERTEX_POINT('',#2944);
#1008=VERTEX_POINT('',#2946);
#1009=VERTEX_POINT('',#2948);
#1010=VERTEX_POINT('',#2952);
#1011=VERTEX_POINT('',#2954);
#1012=VERTEX_POINT('',#2958);
#1013=VERTEX_POINT('',#2960);
#1014=VERTEX_POINT('',#2964);
#1015=VERTEX_POINT('',#2965);
#1016=VERTEX_POINT('',#2967);
#1017=VERTEX_POINT('',#2969);
#1018=VERTEX_POINT('',#2973);
#1019=VERTEX_POINT('',#2975);
#1020=VERTEX_POINT('',#2979);
#1021=VERTEX_POINT('',#2981);
#1022=VERTEX_POINT('',#2985);
#1023=VERTEX_POINT('',#2986);
#1024=VERTEX_POINT('',#2988);
#1025=VERTEX_POINT('',#2990);
#1026=VERTEX_POINT('',#2994);
#1027=VERTEX_POINT('',#2996);
#1028=VERTEX_POINT('',#3000);
#1029=VERTEX_POINT('',#3002);
#1030=VERTEX_POINT('',#3021);
#1031=VERTEX_POINT('',#3022);
#1032=VERTEX_POINT('',#3024);
#1033=VERTEX_POINT('',#3026);
#1034=VERTEX_POINT('',#3075);
#1035=VERTEX_POINT('',#3077);
#1036=VERTEX_POINT('',#3081);
#1037=VERTEX_POINT('',#3085);
#1038=VERTEX_POINT('',#3093);
#1039=VERTEX_POINT('',#3094);
#1040=VERTEX_POINT('',#3096);
#1041=VERTEX_POINT('',#3098);
#1042=VERTEX_POINT('',#3102);
#1043=VERTEX_POINT('',#3103);
#1044=VERTEX_POINT('',#3105);
#1045=VERTEX_POINT('',#3107);
#1046=VERTEX_POINT('',#3111);
#1047=VERTEX_POINT('',#3113);
#1048=VERTEX_POINT('',#3117);
#1049=VERTEX_POINT('',#3119);
#1050=VERTEX_POINT('',#3123);
#1051=VERTEX_POINT('',#3125);
#1052=VERTEX_POINT('',#3129);
#1053=VERTEX_POINT('',#3131);
#1054=VERTEX_POINT('',#3135);
#1055=VERTEX_POINT('',#3137);
#1056=VERTEX_POINT('',#3141);
#1057=VERTEX_POINT('',#3143);
#1058=VERTEX_POINT('',#3147);
#1059=VERTEX_POINT('',#3149);
#1060=VERTEX_POINT('',#3151);
#1061=VERTEX_POINT('',#3153);
#1062=VERTEX_POINT('',#3157);
#1063=VERTEX_POINT('',#3159);
#1064=VERTEX_POINT('',#3161);
#1065=VERTEX_POINT('',#3163);
#1066=VERTEX_POINT('',#3167);
#1067=VERTEX_POINT('',#3168);
#1068=VERTEX_POINT('',#3170);
#1069=VERTEX_POINT('',#3172);
#1070=VERTEX_POINT('',#3174);
#1071=VERTEX_POINT('',#3176);
#1072=VERTEX_POINT('',#3180);
#1073=VERTEX_POINT('',#3181);
#1074=VERTEX_POINT('',#3183);
#1075=VERTEX_POINT('',#3185);
#1076=VERTEX_POINT('',#3187);
#1077=VERTEX_POINT('',#3189);
#1078=VERTEX_POINT('',#3193);
#1079=VERTEX_POINT('',#3195);
#1080=VERTEX_POINT('',#3199);
#1081=VERTEX_POINT('',#3201);
#1082=VERTEX_POINT('',#3205);
#1083=VERTEX_POINT('',#3207);
#1084=VERTEX_POINT('',#3211);
#1085=VERTEX_POINT('',#3213);
#1086=VERTEX_POINT('',#3217);
#1087=VERTEX_POINT('',#3219);
#1088=VERTEX_POINT('',#3223);
#1089=VERTEX_POINT('',#3225);
#1090=VERTEX_POINT('',#3229);
#1091=VERTEX_POINT('',#3231);
#1092=VERTEX_POINT('',#3235);
#1093=VERTEX_POINT('',#3237);
#1094=VERTEX_POINT('',#3241);
#1095=VERTEX_POINT('',#3242);
#1096=VERTEX_POINT('',#3247);
#1097=VERTEX_POINT('',#3249);
#1098=VERTEX_POINT('',#3253);
#1099=VERTEX_POINT('',#3255);
#1100=VERTEX_POINT('',#3257);
#1101=VERTEX_POINT('',#3260);
#1102=VERTEX_POINT('',#3264);
#1103=VERTEX_POINT('',#3265);
#1104=VERTEX_POINT('',#3267);
#1105=VERTEX_POINT('',#3269);
#1106=VERTEX_POINT('',#3271);
#1107=VERTEX_POINT('',#3273);
#1108=VERTEX_POINT('',#3275);
#1109=VERTEX_POINT('',#3277);
#1110=LINE('',#2728,#1382);
#1111=LINE('',#2731,#1383);
#1112=LINE('',#2733,#1384);
#1113=LINE('',#2735,#1385);
#1114=LINE('',#2737,#1386);
#1115=LINE('',#2740,#1387);
#1116=LINE('',#2742,#1388);
#1117=LINE('',#2744,#1389);
#1118=LINE('',#2746,#1390);
#1119=LINE('',#2749,#1391);
#1120=LINE('',#2751,#1392);
#1121=LINE('',#2753,#1393);
#1122=LINE('',#2755,#1394);
#1123=LINE('',#2758,#1395);
#1124=LINE('',#2760,#1396);
#1125=LINE('',#2762,#1397);
#1126=LINE('',#2764,#1398);
#1127=LINE('',#2767,#1399);
#1128=LINE('',#2769,#1400);
#1129=LINE('',#2771,#1401);
#1130=LINE('',#2773,#1402);
#1131=LINE('',#2776,#1403);
#1132=LINE('',#2778,#1404);
#1133=LINE('',#2780,#1405);
#1134=LINE('',#2782,#1406);
#1135=LINE('',#2784,#1407);
#1136=LINE('',#2786,#1408);
#1137=LINE('',#2788,#1409);
#1138=LINE('',#2790,#1410);
#1139=LINE('',#2792,#1411);
#1140=LINE('',#2794,#1412);
#1141=LINE('',#2795,#1413);
#1142=LINE('',#2797,#1414);
#1143=LINE('',#2799,#1415);
#1144=LINE('',#2801,#1416);
#1145=LINE('',#2803,#1417);
#1146=LINE('',#2805,#1418);
#1147=LINE('',#2807,#1419);
#1148=LINE('',#2808,#1420);
#1149=LINE('',#2810,#1421);
#1150=LINE('',#2812,#1422);
#1151=LINE('',#2814,#1423);
#1152=LINE('',#2816,#1424);
#1153=LINE('',#2818,#1425);
#1154=LINE('',#2820,#1426);
#1155=LINE('',#2821,#1427);
#1156=LINE('',#2823,#1428);
#1157=LINE('',#2825,#1429);
#1158=LINE('',#2827,#1430);
#1159=LINE('',#2829,#1431);
#1160=LINE('',#2831,#1432);
#1161=LINE('',#2833,#1433);
#1162=LINE('',#2834,#1434);
#1163=LINE('',#2836,#1435);
#1164=LINE('',#2838,#1436);
#1165=LINE('',#2840,#1437);
#1166=LINE('',#2842,#1438);
#1167=LINE('',#2844,#1439);
#1168=LINE('',#2846,#1440);
#1169=LINE('',#2848,#1441);
#1170=LINE('',#2850,#1442);
#1171=LINE('',#2852,#1443);
#1172=LINE('',#2855,#1444);
#1173=LINE('',#2857,#1445);
#1174=LINE('',#2859,#1446);
#1175=LINE('',#2861,#1447);
#1176=LINE('',#2864,#1448);
#1177=LINE('',#2865,#1449);
#1178=LINE('',#2867,#1450);
#1179=LINE('',#2870,#1451);
#1180=LINE('',#2872,#1452);
#1181=LINE('',#2874,#1453);
#1182=LINE('',#2876,#1454);
#1183=LINE('',#2879,#1455);
#1184=LINE('',#2880,#1456);
#1185=LINE('',#2882,#1457);
#1186=LINE('',#2885,#1458);
#1187=LINE('',#2886,#1459);
#1188=LINE('',#2888,#1460);
#1189=LINE('',#2891,#1461);
#1190=LINE('',#2893,#1462);
#1191=LINE('',#2895,#1463);
#1192=LINE('',#2897,#1464);
#1193=LINE('',#2899,#1465);
#1194=LINE('',#2901,#1466);
#1195=LINE('',#2903,#1467);
#1196=LINE('',#2906,#1468);
#1197=LINE('',#2908,#1469);
#1198=LINE('',#2910,#1470);
#1199=LINE('',#2912,#1471);
#1200=LINE('',#2914,#1472);
#1201=LINE('',#2916,#1473);
#1202=LINE('',#2918,#1474);
#1203=LINE('',#2919,#1475);
#1204=LINE('',#2921,#1476);
#1205=LINE('',#2924,#1477);
#1206=LINE('',#2926,#1478);
#1207=LINE('',#2928,#1479);
#1208=LINE('',#2930,#1480);
#1209=LINE('',#2932,#1481);
#1210=LINE('',#2934,#1482);
#1211=LINE('',#2936,#1483);
#1212=LINE('',#2938,#1484);
#1213=LINE('',#2940,#1485);
#1214=LINE('',#2942,#1486);
#1215=LINE('',#2945,#1487);
#1216=LINE('',#2947,#1488);
#1217=LINE('',#2949,#1489);
#1218=LINE('',#2951,#1490);
#1219=LINE('',#2953,#1491);
#1220=LINE('',#2955,#1492);
#1221=LINE('',#2957,#1493);
#1222=LINE('',#2959,#1494);
#1223=LINE('',#2961,#1495);
#1224=LINE('',#2963,#1496);
#1225=LINE('',#2966,#1497);
#1226=LINE('',#2968,#1498);
#1227=LINE('',#2970,#1499);
#1228=LINE('',#2972,#1500);
#1229=LINE('',#2974,#1501);
#1230=LINE('',#2976,#1502);
#1231=LINE('',#2978,#1503);
#1232=LINE('',#2980,#1504);
#1233=LINE('',#2982,#1505);
#1234=LINE('',#2984,#1506);
#1235=LINE('',#2987,#1507);
#1236=LINE('',#2989,#1508);
#1237=LINE('',#2991,#1509);
#1238=LINE('',#2993,#1510);
#1239=LINE('',#2995,#1511);
#1240=LINE('',#2997,#1512);
#1241=LINE('',#2999,#1513);
#1242=LINE('',#3001,#1514);
#1243=LINE('',#3003,#1515);
#1244=LINE('',#3005,#1516);
#1245=LINE('',#3006,#1517);
#1246=LINE('',#3008,#1518);
#1247=LINE('',#3009,#1519);
#1248=LINE('',#3011,#1520);
#1249=LINE('',#3012,#1521);
#1250=LINE('',#3014,#1522);
#1251=LINE('',#3015,#1523);
#1252=LINE('',#3017,#1524);
#1253=LINE('',#3018,#1525);
#1254=LINE('',#3020,#1526);
#1255=LINE('',#3023,#1527);
#1256=LINE('',#3025,#1528);
#1257=LINE('',#3027,#1529);
#1258=LINE('',#3029,#1530);
#1259=LINE('',#3030,#1531);
#1260=LINE('',#3031,#1532);
#1261=LINE('',#3032,#1533);
#1262=LINE('',#3033,#1534);
#1263=LINE('',#3034,#1535);
#1264=LINE('',#3035,#1536);
#1265=LINE('',#3036,#1537);
#1266=LINE('',#3037,#1538);
#1267=LINE('',#3038,#1539);
#1268=LINE('',#3039,#1540);
#1269=LINE('',#3040,#1541);
#1270=LINE('',#3041,#1542);
#1271=LINE('',#3042,#1543);
#1272=LINE('',#3043,#1544);
#1273=LINE('',#3044,#1545);
#1274=LINE('',#3047,#1546);
#1275=LINE('',#3049,#1547);
#1276=LINE('',#3054,#1548);
#1277=LINE('',#3056,#1549);
#1278=LINE('',#3061,#1550);
#1279=LINE('',#3063,#1551);
#1280=LINE('',#3068,#1552);
#1281=LINE('',#3070,#1553);
#1282=LINE('',#3074,#1554);
#1283=LINE('',#3076,#1555);
#1284=LINE('',#3078,#1556);
#1285=LINE('',#3080,#1557);
#1286=LINE('',#3082,#1558);
#1287=LINE('',#3084,#1559);
#1288=LINE('',#3086,#1560);
#1289=LINE('',#3088,#1561);
#1290=LINE('',#3092,#1562);
#1291=LINE('',#3095,#1563);
#1292=LINE('',#3097,#1564);
#1293=LINE('',#3099,#1565);
#1294=LINE('',#3101,#1566);
#1295=LINE('',#3104,#1567);
#1296=LINE('',#3106,#1568);
#1297=LINE('',#3108,#1569);
#1298=LINE('',#3110,#1570);
#1299=LINE('',#3112,#1571);
#1300=LINE('',#3114,#1572);
#1301=LINE('',#3116,#1573);
#1302=LINE('',#3118,#1574);
#1303=LINE('',#3120,#1575);
#1304=LINE('',#3122,#1576);
#1305=LINE('',#3124,#1577);
#1306=LINE('',#3126,#1578);
#1307=LINE('',#3128,#1579);
#1308=LINE('',#3130,#1580);
#1309=LINE('',#3132,#1581);
#1310=LINE('',#3138,#1582);
#1311=LINE('',#3142,#1583);
#1312=LINE('',#3146,#1584);
#1313=LINE('',#3148,#1585);
#1314=LINE('',#3150,#1586);
#1315=LINE('',#3152,#1587);
#1316=LINE('',#3154,#1588);
#1317=LINE('',#3156,#1589);
#1318=LINE('',#3158,#1590);
#1319=LINE('',#3160,#1591);
#1320=LINE('',#3162,#1592);
#1321=LINE('',#3164,#1593);
#1322=LINE('',#3166,#1594);
#1323=LINE('',#3169,#1595);
#1324=LINE('',#3171,#1596);
#1325=LINE('',#3173,#1597);
#1326=LINE('',#3175,#1598);
#1327=LINE('',#3177,#1599);
#1328=LINE('',#3179,#1600);
#1329=LINE('',#3182,#1601);
#1330=LINE('',#3184,#1602);
#1331=LINE('',#3186,#1603);
#1332=LINE('',#3188,#1604);
#1333=LINE('',#3190,#1605);
#1334=LINE('',#3196,#1606);
#1335=LINE('',#3200,#1607);
#1336=LINE('',#3204,#1608);
#1337=LINE('',#3206,#1609);
#1338=LINE('',#3208,#1610);
#1339=LINE('',#3210,#1611);
#1340=LINE('',#3212,#1612);
#1341=LINE('',#3214,#1613);
#1342=LINE('',#3216,#1614);
#1343=LINE('',#3218,#1615);
#1344=LINE('',#3220,#1616);
#1345=LINE('',#3222,#1617);
#1346=LINE('',#3224,#1618);
#1347=LINE('',#3226,#1619);
#1348=LINE('',#3228,#1620);
#1349=LINE('',#3230,#1621);
#1350=LINE('',#3232,#1622);
#1351=LINE('',#3234,#1623);
#1352=LINE('',#3236,#1624);
#1353=LINE('',#3238,#1625);
#1354=LINE('',#3240,#1626);
#1355=LINE('',#3248,#1627);
#1356=LINE('',#3252,#1628);
#1357=LINE('',#3254,#1629);
#1358=LINE('',#3256,#1630);
#1359=LINE('',#3258,#1631);
#1360=LINE('',#3259,#1632);
#1361=LINE('',#3261,#1633);
#1362=LINE('',#3263,#1634);
#1363=LINE('',#3266,#1635);
#1364=LINE('',#3268,#1636);
#1365=LINE('',#3270,#1637);
#1366=LINE('',#3272,#1638);
#1367=LINE('',#3274,#1639);
#1368=LINE('',#3276,#1640);
#1369=LINE('',#3278,#1641);
#1370=LINE('',#3286,#1642);
#1371=LINE('',#3287,#1643);
#1372=LINE('',#3288,#1644);
#1373=LINE('',#3289,#1645);
#1374=LINE('',#3290,#1646);
#1375=LINE('',#3291,#1647);
#1376=LINE('',#3293,#1648);
#1377=LINE('',#3295,#1649);
#1378=LINE('',#3297,#1650);
#1379=LINE('',#3298,#1651);
#1380=LINE('',#3299,#1652);
#1381=LINE('',#3300,#1653);
#1382=VECTOR('',#2218,39.3700787401575);
#1383=VECTOR('',#2219,39.3700787401575);
#1384=VECTOR('',#2220,39.3700787401575);
#1385=VECTOR('',#2221,39.3700787401575);
#1386=VECTOR('',#2224,39.3700787401575);
#1387=VECTOR('',#2225,39.3700787401575);
#1388=VECTOR('',#2226,39.3700787401575);
#1389=VECTOR('',#2227,39.3700787401575);
#1390=VECTOR('',#2230,39.3700787401575);
#1391=VECTOR('',#2231,39.3700787401575);
#1392=VECTOR('',#2232,39.3700787401575);
#1393=VECTOR('',#2233,39.3700787401575);
#1394=VECTOR('',#2236,39.3700787401575);
#1395=VECTOR('',#2237,39.3700787401575);
#1396=VECTOR('',#2238,39.3700787401575);
#1397=VECTOR('',#2239,39.3700787401575);
#1398=VECTOR('',#2242,39.3700787401575);
#1399=VECTOR('',#2243,39.3700787401575);
#1400=VECTOR('',#2244,39.3700787401575);
#1401=VECTOR('',#2245,39.3700787401575);
#1402=VECTOR('',#2248,39.3700787401575);
#1403=VECTOR('',#2249,39.3700787401575);
#1404=VECTOR('',#2250,39.3700787401575);
#1405=VECTOR('',#2251,39.3700787401575);
#1406=VECTOR('',#2254,39.3700787401575);
#1407=VECTOR('',#2255,39.3700787401575);
#1408=VECTOR('',#2256,39.3700787401575);
#1409=VECTOR('',#2257,39.3700787401575);
#1410=VECTOR('',#2258,39.3700787401575);
#1411=VECTOR('',#2259,39.3700787401575);
#1412=VECTOR('',#2260,39.3700787401575);
#1413=VECTOR('',#2261,39.3700787401575);
#1414=VECTOR('',#2262,39.3700787401575);
#1415=VECTOR('',#2263,39.3700787401575);
#1416=VECTOR('',#2264,39.3700787401575);
#1417=VECTOR('',#2265,39.3700787401575);
#1418=VECTOR('',#2266,39.3700787401575);
#1419=VECTOR('',#2267,39.3700787401575);
#1420=VECTOR('',#2268,39.3700787401575);
#1421=VECTOR('',#2269,39.3700787401575);
#1422=VECTOR('',#2270,39.3700787401575);
#1423=VECTOR('',#2273,39.3700787401575);
#1424=VECTOR('',#2274,39.3700787401575);
#1425=VECTOR('',#2275,39.3700787401575);
#1426=VECTOR('',#2276,39.3700787401575);
#1427=VECTOR('',#2277,39.3700787401575);
#1428=VECTOR('',#2278,39.3700787401575);
#1429=VECTOR('',#2279,39.3700787401575);
#1430=VECTOR('',#2280,39.3700787401575);
#1431=VECTOR('',#2281,39.3700787401575);
#1432=VECTOR('',#2282,39.3700787401575);
#1433=VECTOR('',#2283,39.3700787401575);
#1434=VECTOR('',#2284,39.3700787401575);
#1435=VECTOR('',#2285,39.3700787401575);
#1436=VECTOR('',#2286,39.3700787401575);
#1437=VECTOR('',#2287,39.3700787401575);
#1438=VECTOR('',#2288,39.3700787401575);
#1439=VECTOR('',#2289,39.3700787401575);
#1440=VECTOR('',#2292,39.3700787401575);
#1441=VECTOR('',#2293,39.3700787401575);
#1442=VECTOR('',#2294,39.3700787401575);
#1443=VECTOR('',#2297,39.3700787401575);
#1444=VECTOR('',#2298,39.3700787401575);
#1445=VECTOR('',#2299,39.3700787401575);
#1446=VECTOR('',#2300,39.3700787401575);
#1447=VECTOR('',#2303,39.3700787401575);
#1448=VECTOR('',#2304,39.3700787401575);
#1449=VECTOR('',#2305,39.3700787401575);
#1450=VECTOR('',#2308,39.3700787401575);
#1451=VECTOR('',#2309,39.3700787401575);
#1452=VECTOR('',#2310,39.3700787401575);
#1453=VECTOR('',#2311,39.3700787401575);
#1454=VECTOR('',#2314,39.3700787401575);
#1455=VECTOR('',#2315,39.3700787401575);
#1456=VECTOR('',#2316,39.3700787401575);
#1457=VECTOR('',#2319,39.3700787401575);
#1458=VECTOR('',#2320,39.3700787401575);
#1459=VECTOR('',#2321,39.3700787401575);
#1460=VECTOR('',#2324,39.3700787401575);
#1461=VECTOR('',#2325,39.3700787401575);
#1462=VECTOR('',#2326,39.3700787401575);
#1463=VECTOR('',#2327,39.3700787401575);
#1464=VECTOR('',#2330,39.3700787401575);
#1465=VECTOR('',#2331,39.3700787401575);
#1466=VECTOR('',#2332,39.3700787401575);
#1467=VECTOR('',#2335,39.3700787401575);
#1468=VECTOR('',#2336,39.3700787401575);
#1469=VECTOR('',#2337,39.3700787401575);
#1470=VECTOR('',#2338,39.3700787401575);
#1471=VECTOR('',#2341,39.3700787401575);
#1472=VECTOR('',#2342,39.3700787401575);
#1473=VECTOR('',#2343,39.3700787401575);
#1474=VECTOR('',#2346,39.3700787401575);
#1475=VECTOR('',#2347,39.3700787401575);
#1476=VECTOR('',#2350,39.3700787401575);
#1477=VECTOR('',#2351,39.3700787401575);
#1478=VECTOR('',#2352,39.3700787401575);
#1479=VECTOR('',#2353,39.3700787401575);
#1480=VECTOR('',#2356,39.3700787401575);
#1481=VECTOR('',#2357,39.3700787401575);
#1482=VECTOR('',#2358,39.3700787401575);
#1483=VECTOR('',#2361,39.3700787401575);
#1484=VECTOR('',#2362,39.3700787401575);
#1485=VECTOR('',#2363,39.3700787401575);
#1486=VECTOR('',#2366,39.3700787401575);
#1487=VECTOR('',#2367,39.3700787401575);
#1488=VECTOR('',#2368,39.3700787401575);
#1489=VECTOR('',#2369,39.3700787401575);
#1490=VECTOR('',#2372,39.3700787401575);
#1491=VECTOR('',#2373,39.3700787401575);
#1492=VECTOR('',#2374,39.3700787401575);
#1493=VECTOR('',#2377,39.3700787401575);
#1494=VECTOR('',#2378,39.3700787401575);
#1495=VECTOR('',#2379,39.3700787401575);
#1496=VECTOR('',#2382,39.3700787401575);
#1497=VECTOR('',#2383,39.3700787401575);
#1498=VECTOR('',#2384,39.3700787401575);
#1499=VECTOR('',#2385,39.3700787401575);
#1500=VECTOR('',#2388,39.3700787401575);
#1501=VECTOR('',#2389,39.3700787401575);
#1502=VECTOR('',#2390,39.3700787401575);
#1503=VECTOR('',#2393,39.3700787401575);
#1504=VECTOR('',#2394,39.3700787401575);
#1505=VECTOR('',#2395,39.3700787401575);
#1506=VECTOR('',#2398,39.3700787401575);
#1507=VECTOR('',#2399,39.3700787401575);
#1508=VECTOR('',#2400,39.3700787401575);
#1509=VECTOR('',#2401,39.3700787401575);
#1510=VECTOR('',#2404,39.3700787401575);
#1511=VECTOR('',#2405,39.3700787401575);
#1512=VECTOR('',#2406,39.3700787401575);
#1513=VECTOR('',#2409,39.3700787401575);
#1514=VECTOR('',#2410,39.3700787401575);
#1515=VECTOR('',#2411,39.3700787401575);
#1516=VECTOR('',#2414,39.3700787401575);
#1517=VECTOR('',#2415,39.3700787401575);
#1518=VECTOR('',#2418,39.3700787401575);
#1519=VECTOR('',#2419,39.3700787401575);
#1520=VECTOR('',#2422,39.3700787401575);
#1521=VECTOR('',#2423,39.3700787401575);
#1522=VECTOR('',#2426,39.3700787401575);
#1523=VECTOR('',#2427,39.3700787401575);
#1524=VECTOR('',#2430,39.3700787401575);
#1525=VECTOR('',#2431,39.3700787401575);
#1526=VECTOR('',#2434,39.3700787401575);
#1527=VECTOR('',#2435,39.3700787401575);
#1528=VECTOR('',#2436,39.3700787401575);
#1529=VECTOR('',#2437,39.3700787401575);
#1530=VECTOR('',#2440,39.3700787401575);
#1531=VECTOR('',#2441,39.3700787401575);
#1532=VECTOR('',#2442,39.3700787401575);
#1533=VECTOR('',#2443,39.3700787401575);
#1534=VECTOR('',#2444,39.3700787401575);
#1535=VECTOR('',#2445,39.3700787401575);
#1536=VECTOR('',#2446,39.3700787401575);
#1537=VECTOR('',#2447,39.3700787401575);
#1538=VECTOR('',#2448,39.3700787401575);
#1539=VECTOR('',#2449,39.3700787401575);
#1540=VECTOR('',#2450,39.3700787401575);
#1541=VECTOR('',#2451,39.3700787401575);
#1542=VECTOR('',#2452,39.3700787401575);
#1543=VECTOR('',#2453,39.3700787401575);
#1544=VECTOR('',#2454,39.3700787401575);
#1545=VECTOR('',#2455,39.3700787401575);
#1546=VECTOR('',#2460,39.3700787401575);
#1547=VECTOR('',#2463,39.3700787401575);
#1548=VECTOR('',#2472,39.3700787401575);
#1549=VECTOR('',#2475,39.3700787401575);
#1550=VECTOR('',#2484,39.3700787401575);
#1551=VECTOR('',#2487,39.3700787401575);
#1552=VECTOR('',#2496,39.3700787401575);
#1553=VECTOR('',#2499,39.3700787401575);
#1554=VECTOR('',#2506,39.3700787401575);
#1555=VECTOR('',#2507,39.3700787401575);
#1556=VECTOR('',#2508,39.3700787401575);
#1557=VECTOR('',#2511,39.3700787401575);
#1558=VECTOR('',#2512,39.3700787401575);
#1559=VECTOR('',#2515,39.3700787401575);
#1560=VECTOR('',#2516,39.3700787401575);
#1561=VECTOR('',#2519,39.3700787401575);
#1562=VECTOR('',#2526,39.3700787401575);
#1563=VECTOR('',#2527,39.3700787401575);
#1564=VECTOR('',#2528,39.3700787401575);
#1565=VECTOR('',#2529,39.3700787401575);
#1566=VECTOR('',#2532,39.3700787401575);
#1567=VECTOR('',#2533,39.3700787401575);
#1568=VECTOR('',#2534,39.3700787401575);
#1569=VECTOR('',#2535,39.3700787401575);
#1570=VECTOR('',#2538,39.3700787401575);
#1571=VECTOR('',#2539,39.3700787401575);
#1572=VECTOR('',#2540,39.3700787401575);
#1573=VECTOR('',#2543,39.3700787401575);
#1574=VECTOR('',#2544,39.3700787401575);
#1575=VECTOR('',#2545,39.3700787401575);
#1576=VECTOR('',#2548,39.3700787401575);
#1577=VECTOR('',#2549,39.3700787401575);
#1578=VECTOR('',#2550,39.3700787401575);
#1579=VECTOR('',#2553,39.3700787401575);
#1580=VECTOR('',#2554,39.3700787401575);
#1581=VECTOR('',#2555,39.3700787401575);
#1582=VECTOR('',#2562,39.3700787401575);
#1583=VECTOR('',#2567,39.3700787401575);
#1584=VECTOR('',#2572,39.3700787401575);
#1585=VECTOR('',#2573,39.3700787401575);
#1586=VECTOR('',#2574,39.3700787401575);
#1587=VECTOR('',#2575,39.3700787401575);
#1588=VECTOR('',#2576,39.3700787401575);
#1589=VECTOR('',#2579,39.3700787401575);
#1590=VECTOR('',#2580,39.3700787401575);
#1591=VECTOR('',#2581,39.3700787401575);
#1592=VECTOR('',#2582,39.3700787401575);
#1593=VECTOR('',#2583,39.3700787401575);
#1594=VECTOR('',#2586,39.3700787401575);
#1595=VECTOR('',#2587,39.3700787401575);
#1596=VECTOR('',#2588,39.3700787401575);
#1597=VECTOR('',#2589,39.3700787401575);
#1598=VECTOR('',#2590,39.3700787401575);
#1599=VECTOR('',#2591,39.3700787401575);
#1600=VECTOR('',#2594,39.3700787401575);
#1601=VECTOR('',#2595,39.3700787401575);
#1602=VECTOR('',#2596,39.3700787401575);
#1603=VECTOR('',#2597,39.3700787401575);
#1604=VECTOR('',#2598,39.3700787401575);
#1605=VECTOR('',#2599,39.3700787401575);
#1606=VECTOR('',#2606,39.3700787401575);
#1607=VECTOR('',#2611,39.3700787401575);
#1608=VECTOR('',#2616,39.3700787401575);
#1609=VECTOR('',#2617,39.3700787401575);
#1610=VECTOR('',#2618,39.3700787401575);
#1611=VECTOR('',#2621,39.3700787401575);
#1612=VECTOR('',#2622,39.3700787401575);
#1613=VECTOR('',#2623,39.3700787401575);
#1614=VECTOR('',#2626,39.3700787401575);
#1615=VECTOR('',#2627,39.3700787401575);
#1616=VECTOR('',#2628,39.3700787401575);
#1617=VECTOR('',#2631,39.3700787401575);
#1618=VECTOR('',#2632,39.3700787401575);
#1619=VECTOR('',#2633,39.3700787401575);
#1620=VECTOR('',#2636,39.3700787401575);
#1621=VECTOR('',#2637,39.3700787401575);
#1622=VECTOR('',#2638,39.3700787401575);
#1623=VECTOR('',#2641,39.3700787401575);
#1624=VECTOR('',#2642,39.3700787401575);
#1625=VECTOR('',#2643,39.3700787401575);
#1626=VECTOR('',#2646,39.3700787401575);
#1627=VECTOR('',#2655,39.3700787401575);
#1628=VECTOR('',#2660,39.3700787401575);
#1629=VECTOR('',#2661,39.3700787401575);
#1630=VECTOR('',#2662,39.3700787401575);
#1631=VECTOR('',#2663,39.3700787401575);
#1632=VECTOR('',#2664,39.3700787401575);
#1633=VECTOR('',#2665,39.3700787401575);
#1634=VECTOR('',#2668,39.3700787401575);
#1635=VECTOR('',#2669,39.3700787401575);
#1636=VECTOR('',#2670,39.3700787401575);
#1637=VECTOR('',#2671,39.3700787401575);
#1638=VECTOR('',#2672,39.3700787401575);
#1639=VECTOR('',#2673,39.3700787401575);
#1640=VECTOR('',#2674,39.3700787401575);
#1641=VECTOR('',#2675,39.3700787401575);
#1642=VECTOR('',#2690,39.3700787401575);
#1643=VECTOR('',#2691,39.3700787401575);
#1644=VECTOR('',#2692,39.3700787401575);
#1645=VECTOR('',#2693,39.3700787401575);
#1646=VECTOR('',#2694,39.3700787401575);
#1647=VECTOR('',#2695,39.3700787401575);
#1648=VECTOR('',#2698,39.3700787401575);
#1649=VECTOR('',#2701,39.3700787401575);
#1650=VECTOR('',#2704,39.3700787401575);
#1651=VECTOR('',#2705,39.3700787401575);
#1652=VECTOR('',#2706,39.3700787401575);
#1653=VECTOR('',#2707,39.3700787401575);
#1654=EDGE_LOOP('',(#54,#55,#56,#57));
#1655=EDGE_LOOP('',(#58,#59,#60,#61));
#1656=EDGE_LOOP('',(#62,#63,#64,#65));
#1657=EDGE_LOOP('',(#66,#67,#68,#69));
#1658=EDGE_LOOP('',(#70,#71,#72,#73));
#1659=EDGE_LOOP('',(#74,#75,#76,#77));
#1660=EDGE_LOOP('',(#78,#79,#80,#81,#82,#83,#84,#85,#86,#87,#88,#89,#90,
#91,#92,#93,#94,#95,#96,#97));
#1661=EDGE_LOOP('',(#98,#99,#100,#101,#102,#103,#104,#105,#106,#107,#108,
#109,#110,#111,#112,#113,#114,#115,#116,#117));
#1662=EDGE_LOOP('',(#118,#119,#120,#121));
#1663=EDGE_LOOP('',(#122,#123,#124,#125));
#1664=EDGE_LOOP('',(#126,#127,#128,#129));
#1665=EDGE_LOOP('',(#130,#131,#132,#133));
#1666=EDGE_LOOP('',(#134,#135,#136,#137));
#1667=EDGE_LOOP('',(#138,#139,#140,#141));
#1668=EDGE_LOOP('',(#142,#143,#144,#145));
#1669=EDGE_LOOP('',(#146,#147,#148,#149));
#1670=EDGE_LOOP('',(#150,#151,#152,#153));
#1671=EDGE_LOOP('',(#154,#155,#156,#157));
#1672=EDGE_LOOP('',(#158,#159,#160,#161,#162,#163,#164,#165));
#1673=EDGE_LOOP('',(#166,#167,#168,#169));
#1674=EDGE_LOOP('',(#170,#171,#172,#173));
#1675=EDGE_LOOP('',(#174,#175,#176,#177));
#1676=EDGE_LOOP('',(#178,#179,#180,#181));
#1677=EDGE_LOOP('',(#182,#183,#184,#185));
#1678=EDGE_LOOP('',(#186,#187,#188,#189));
#1679=EDGE_LOOP('',(#190,#191,#192,#193));
#1680=EDGE_LOOP('',(#194,#195,#196,#197));
#1681=EDGE_LOOP('',(#198,#199,#200,#201));
#1682=EDGE_LOOP('',(#202,#203,#204,#205));
#1683=EDGE_LOOP('',(#206,#207,#208,#209));
#1684=EDGE_LOOP('',(#210,#211,#212,#213));
#1685=EDGE_LOOP('',(#214,#215,#216,#217));
#1686=EDGE_LOOP('',(#218,#219,#220,#221));
#1687=EDGE_LOOP('',(#222,#223,#224,#225));
#1688=EDGE_LOOP('',(#226,#227,#228,#229));
#1689=EDGE_LOOP('',(#230,#231,#232,#233,#234,#235,#236,#237));
#1690=EDGE_LOOP('',(#238,#239,#240,#241));
#1691=EDGE_LOOP('',(#242,#243,#244,#245));
#1692=EDGE_LOOP('',(#246,#247,#248,#249));
#1693=EDGE_LOOP('',(#250,#251,#252,#253));
#1694=EDGE_LOOP('',(#254,#255,#256,#257));
#1695=EDGE_LOOP('',(#258,#259,#260,#261));
#1696=EDGE_LOOP('',(#262,#263,#264,#265,#266,#267,#268,#269,#270,#271,#272,
#273,#274,#275,#276,#277,#278,#279,#280,#281,#282,#283,#284,#285,#286,#287,
#288,#289,#290,#291,#292,#293,#294,#295,#296,#297));
#1697=EDGE_LOOP('',(#298,#299,#300,#301));
#1698=EDGE_LOOP('',(#302,#303,#304,#305));
#1699=EDGE_LOOP('',(#306,#307,#308,#309));
#1700=EDGE_LOOP('',(#310,#311,#312,#313));
#1701=EDGE_LOOP('',(#314,#315,#316,#317));
#1702=EDGE_LOOP('',(#318,#319,#320,#321));
#1703=EDGE_LOOP('',(#322,#323,#324,#325));
#1704=EDGE_LOOP('',(#326,#327,#328,#329));
#1705=EDGE_LOOP('',(#330,#331,#332,#333));
#1706=EDGE_LOOP('',(#334,#335,#336,#337));
#1707=EDGE_LOOP('',(#338,#339,#340,#341));
#1708=EDGE_LOOP('',(#342,#343,#344,#345));
#1709=EDGE_LOOP('',(#346,#347,#348,#349));
#1710=EDGE_LOOP('',(#350,#351,#352,#353));
#1711=EDGE_LOOP('',(#354,#355,#356,#357));
#1712=EDGE_LOOP('',(#358,#359,#360,#361));
#1713=EDGE_LOOP('',(#362,#363,#364,#365));
#1714=EDGE_LOOP('',(#366,#367,#368,#369));
#1715=EDGE_LOOP('',(#370,#371,#372,#373));
#1716=EDGE_LOOP('',(#374,#375,#376,#377));
#1717=EDGE_LOOP('',(#378,#379,#380,#381));
#1718=EDGE_LOOP('',(#382,#383,#384,#385));
#1719=EDGE_LOOP('',(#386,#387,#388,#389));
#1720=EDGE_LOOP('',(#390,#391,#392,#393));
#1721=EDGE_LOOP('',(#394,#395,#396,#397));
#1722=EDGE_LOOP('',(#398,#399,#400,#401));
#1723=EDGE_LOOP('',(#402,#403,#404,#405));
#1724=EDGE_LOOP('',(#406,#407,#408,#409));
#1725=EDGE_LOOP('',(#410,#411,#412,#413));
#1726=EDGE_LOOP('',(#414,#415,#416,#417));
#1727=EDGE_LOOP('',(#418,#419,#420,#421));
#1728=EDGE_LOOP('',(#422,#423,#424,#425));
#1729=EDGE_LOOP('',(#426,#427,#428,#429));
#1730=EDGE_LOOP('',(#430,#431,#432,#433));
#1731=EDGE_LOOP('',(#434,#435,#436,#437));
#1732=EDGE_LOOP('',(#438,#439,#440,#441));
#1733=EDGE_LOOP('',(#442,#443,#444,#445));
#1734=EDGE_LOOP('',(#446,#447,#448,#449,#450,#451));
#1735=EDGE_LOOP('',(#452,#453,#454,#455,#456,#457));
#1736=EDGE_LOOP('',(#458,#459,#460,#461,#462,#463));
#1737=EDGE_LOOP('',(#464,#465,#466,#467,#468,#469));
#1738=EDGE_LOOP('',(#470,#471,#472,#473));
#1739=EDGE_LOOP('',(#474,#475,#476,#477));
#1740=EDGE_LOOP('',(#478,#479,#480,#481));
#1741=EDGE_LOOP('',(#482,#483,#484,#485));
#1742=EDGE_LOOP('',(#486,#487,#488,#489));
#1743=EDGE_LOOP('',(#490,#491,#492,#493));
#1744=EDGE_LOOP('',(#494,#495,#496,#497));
#1745=EDGE_LOOP('',(#498,#499,#500,#501));
#1746=EDGE_LOOP('',(#502,#503,#504,#505));
#1747=EDGE_LOOP('',(#506,#507,#508,#509));
#1748=EDGE_LOOP('',(#510,#511,#512,#513,#514,#515,#516,#517));
#1749=EDGE_LOOP('',(#518,#519,#520,#521,#522,#523,#524,#525));
#1750=EDGE_LOOP('',(#526,#527,#528,#529));
#1751=EDGE_LOOP('',(#530,#531,#532,#533));
#1752=EDGE_LOOP('',(#534,#535,#536,#537,#538,#539,#540,#541,#542,#543,#544,
#545));
#1753=EDGE_LOOP('',(#546,#547,#548,#549,#550,#551,#552,#553));
#1754=EDGE_LOOP('',(#554,#555,#556,#557,#558,#559,#560,#561));
#1755=EDGE_LOOP('',(#562,#563,#564,#565,#566,#567,#568,#569,#570,#571,#572,
#573));
#1756=EDGE_LOOP('',(#574,#575,#576,#577,#578,#579,#580,#581));
#1757=EDGE_LOOP('',(#582,#583,#584,#585,#586,#587,#588,#589));
#1758=EDGE_LOOP('',(#590,#591,#592,#593));
#1759=EDGE_LOOP('',(#594,#595,#596,#597));
#1760=EDGE_LOOP('',(#598,#599,#600,#601,#602,#603,#604,#605));
#1761=EDGE_LOOP('',(#606,#607,#608,#609,#610,#611,#612,#613));
#1762=EDGE_LOOP('',(#614,#615,#616,#617,#618,#619,#620,#621));
#1763=EDGE_LOOP('',(#622,#623,#624,#625,#626,#627,#628,#629));
#1764=FACE_BOUND('',#1654,.T.);
#1765=FACE_BOUND('',#1655,.T.);
#1766=FACE_BOUND('',#1656,.T.);
#1767=FACE_BOUND('',#1657,.T.);
#1768=FACE_BOUND('',#1658,.T.);
#1769=FACE_BOUND('',#1659,.T.);
#1770=FACE_BOUND('',#1660,.T.);
#1771=FACE_BOUND('',#1661,.T.);
#1772=FACE_BOUND('',#1662,.T.);
#1773=FACE_BOUND('',#1663,.T.);
#1774=FACE_BOUND('',#1664,.T.);
#1775=FACE_BOUND('',#1665,.T.);
#1776=FACE_BOUND('',#1666,.T.);
#1777=FACE_BOUND('',#1667,.T.);
#1778=FACE_BOUND('',#1668,.T.);
#1779=FACE_BOUND('',#1669,.T.);
#1780=FACE_BOUND('',#1670,.T.);
#1781=FACE_BOUND('',#1671,.T.);
#1782=FACE_BOUND('',#1672,.T.);
#1783=FACE_BOUND('',#1673,.T.);
#1784=FACE_BOUND('',#1674,.T.);
#1785=FACE_BOUND('',#1675,.T.);
#1786=FACE_BOUND('',#1676,.T.);
#1787=FACE_BOUND('',#1677,.T.);
#1788=FACE_BOUND('',#1678,.T.);
#1789=FACE_BOUND('',#1679,.T.);
#1790=FACE_BOUND('',#1680,.T.);
#1791=FACE_BOUND('',#1681,.T.);
#1792=FACE_BOUND('',#1682,.T.);
#1793=FACE_BOUND('',#1683,.T.);
#1794=FACE_BOUND('',#1684,.T.);
#1795=FACE_BOUND('',#1685,.T.);
#1796=FACE_BOUND('',#1686,.T.);
#1797=FACE_BOUND('',#1687,.T.);
#1798=FACE_BOUND('',#1688,.T.);
#1799=FACE_BOUND('',#1689,.T.);
#1800=FACE_BOUND('',#1690,.T.);
#1801=FACE_BOUND('',#1691,.T.);
#1802=FACE_BOUND('',#1692,.T.);
#1803=FACE_BOUND('',#1693,.T.);
#1804=FACE_BOUND('',#1694,.T.);
#1805=FACE_BOUND('',#1695,.T.);
#1806=FACE_BOUND('',#1696,.T.);
#1807=FACE_BOUND('',#1697,.T.);
#1808=FACE_BOUND('',#1698,.T.);
#1809=FACE_BOUND('',#1699,.T.);
#1810=FACE_BOUND('',#1700,.T.);
#1811=FACE_BOUND('',#1701,.T.);
#1812=FACE_BOUND('',#1702,.T.);
#1813=FACE_BOUND('',#1703,.T.);
#1814=FACE_BOUND('',#1704,.T.);
#1815=FACE_BOUND('',#1705,.T.);
#1816=FACE_BOUND('',#1706,.T.);
#1817=FACE_BOUND('',#1707,.T.);
#1818=FACE_BOUND('',#1708,.T.);
#1819=FACE_BOUND('',#1709,.T.);
#1820=FACE_BOUND('',#1710,.T.);
#1821=FACE_BOUND('',#1711,.T.);
#1822=FACE_BOUND('',#1712,.T.);
#1823=FACE_BOUND('',#1713,.T.);
#1824=FACE_BOUND('',#1714,.T.);
#1825=FACE_BOUND('',#1715,.T.);
#1826=FACE_BOUND('',#1716,.T.);
#1827=FACE_BOUND('',#1717,.T.);
#1828=FACE_BOUND('',#1718,.T.);
#1829=FACE_BOUND('',#1719,.T.);
#1830=FACE_BOUND('',#1720,.T.);
#1831=FACE_BOUND('',#1721,.T.);
#1832=FACE_BOUND('',#1722,.T.);
#1833=FACE_BOUND('',#1723,.T.);
#1834=FACE_BOUND('',#1724,.T.);
#1835=FACE_BOUND('',#1725,.T.);
#1836=FACE_BOUND('',#1726,.T.);
#1837=FACE_BOUND('',#1727,.T.);
#1838=FACE_BOUND('',#1728,.T.);
#1839=FACE_BOUND('',#1729,.T.);
#1840=FACE_BOUND('',#1730,.T.);
#1841=FACE_BOUND('',#1731,.T.);
#1842=FACE_BOUND('',#1732,.T.);
#1843=FACE_BOUND('',#1733,.T.);
#1844=FACE_BOUND('',#1734,.T.);
#1845=FACE_BOUND('',#1735,.T.);
#1846=FACE_BOUND('',#1736,.T.);
#1847=FACE_BOUND('',#1737,.T.);
#1848=FACE_BOUND('',#1738,.T.);
#1849=FACE_BOUND('',#1739,.T.);
#1850=FACE_BOUND('',#1740,.T.);
#1851=FACE_BOUND('',#1741,.T.);
#1852=FACE_BOUND('',#1742,.T.);
#1853=FACE_BOUND('',#1743,.T.);
#1854=FACE_BOUND('',#1744,.T.);
#1855=FACE_BOUND('',#1745,.T.);
#1856=FACE_BOUND('',#1746,.T.);
#1857=FACE_BOUND('',#1747,.T.);
#1858=FACE_BOUND('',#1748,.T.);
#1859=FACE_BOUND('',#1749,.T.);
#1860=FACE_BOUND('',#1750,.T.);
#1861=FACE_BOUND('',#1751,.T.);
#1862=FACE_BOUND('',#1752,.T.);
#1863=FACE_BOUND('',#1753,.T.);
#1864=FACE_BOUND('',#1754,.T.);
#1865=FACE_BOUND('',#1755,.T.);
#1866=FACE_BOUND('',#1756,.T.);
#1867=FACE_BOUND('',#1757,.T.);
#1868=FACE_BOUND('',#1758,.T.);
#1869=FACE_BOUND('',#1759,.T.);
#1870=FACE_BOUND('',#1760,.T.);
#1871=FACE_BOUND('',#1761,.T.);
#1872=FACE_BOUND('',#1762,.T.);
#1873=FACE_BOUND('',#1763,.T.);
#1874=PLANE('',#2095);
#1875=PLANE('',#2096);
#1876=PLANE('',#2097);
#1877=PLANE('',#2098);
#1878=PLANE('',#2099);
#1879=PLANE('',#2100);
#1880=PLANE('',#2101);
#1881=PLANE('',#2102);
#1882=PLANE('',#2103);
#1883=PLANE('',#2104);
#1884=PLANE('',#2105);
#1885=PLANE('',#2106);
#1886=PLANE('',#2107);
#1887=PLANE('',#2108);
#1888=PLANE('',#2109);
#1889=PLANE('',#2110);
#1890=PLANE('',#2111);
#1891=PLANE('',#2112);
#1892=PLANE('',#2113);
#1893=PLANE('',#2114);
#1894=PLANE('',#2115);
#1895=PLANE('',#2116);
#1896=PLANE('',#2117);
#1897=PLANE('',#2118);
#1898=PLANE('',#2119);
#1899=PLANE('',#2120);
#1900=PLANE('',#2121);
#1901=PLANE('',#2122);
#1902=PLANE('',#2123);
#1903=PLANE('',#2124);
#1904=PLANE('',#2125);
#1905=PLANE('',#2126);
#1906=PLANE('',#2127);
#1907=PLANE('',#2128);
#1908=PLANE('',#2129);
#1909=PLANE('',#2130);
#1910=PLANE('',#2131);
#1911=PLANE('',#2132);
#1912=PLANE('',#2133);
#1913=PLANE('',#2134);
#1914=PLANE('',#2135);
#1915=PLANE('',#2136);
#1916=PLANE('',#2137);
#1917=PLANE('',#2138);
#1918=PLANE('',#2139);
#1919=PLANE('',#2140);
#1920=PLANE('',#2141);
#1921=PLANE('',#2142);
#1922=PLANE('',#2143);
#1923=PLANE('',#2144);
#1924=PLANE('',#2145);
#1925=PLANE('',#2146);
#1926=PLANE('',#2147);
#1927=PLANE('',#2148);
#1928=PLANE('',#2149);
#1929=PLANE('',#2150);
#1930=PLANE('',#2151);
#1931=PLANE('',#2152);
#1932=PLANE('',#2153);
#1933=PLANE('',#2154);
#1934=PLANE('',#2155);
#1935=PLANE('',#2156);
#1936=PLANE('',#2157);
#1937=PLANE('',#2159);
#1938=PLANE('',#2160);
#1939=PLANE('',#2161);
#1940=PLANE('',#2162);
#1941=PLANE('',#2163);
#1942=PLANE('',#2164);
#1943=PLANE('',#2171);
#1944=PLANE('',#2172);
#1945=PLANE('',#2173);
#1946=PLANE('',#2174);
#1947=PLANE('',#2181);
#1948=PLANE('',#2182);
#1949=PLANE('',#2183);
#1950=PLANE('',#2184);
#1951=PLANE('',#2185);
#1952=PLANE('',#2186);
#1953=PLANE('',#2193);
#1954=PLANE('',#2194);
#1955=PLANE('',#2201);
#1956=PLANE('',#2202);
#1957=PLANE('',#2203);
#1958=PLANE('',#2204);
#1959=PLANE('',#2205);
#1960=PLANE('',#2206);
#1961=PLANE('',#2207);
#1962=PLANE('',#2208);
#1963=PLANE('',#2209);
#1964=PLANE('',#2210);
#1965=PLANE('',#2211);
#1966=PLANE('',#2212);
#1967=ADVANCED_FACE('',(#1764),#1874,.F.);
#1968=ADVANCED_FACE('',(#1765),#1875,.F.);
#1969=ADVANCED_FACE('',(#1766),#1876,.F.);
#1970=ADVANCED_FACE('',(#1767),#1877,.F.);
#1971=ADVANCED_FACE('',(#1768),#1878,.F.);
#1972=ADVANCED_FACE('',(#1769),#1879,.F.);
#1973=ADVANCED_FACE('',(#1770),#1880,.F.);
#1974=ADVANCED_FACE('',(#1771),#1881,.F.);
#1975=ADVANCED_FACE('',(#1772),#1882,.T.);
#1976=ADVANCED_FACE('',(#1773),#1883,.T.);
#1977=ADVANCED_FACE('',(#1774),#1884,.T.);
#1978=ADVANCED_FACE('',(#1775),#1885,.T.);
#1979=ADVANCED_FACE('',(#1776),#1886,.T.);
#1980=ADVANCED_FACE('',(#1777),#1887,.T.);
#1981=ADVANCED_FACE('',(#1778),#1888,.T.);
#1982=ADVANCED_FACE('',(#1779),#1889,.T.);
#1983=ADVANCED_FACE('',(#1780),#1890,.T.);
#1984=ADVANCED_FACE('',(#1781),#1891,.T.);
#1985=ADVANCED_FACE('',(#1782),#1892,.F.);
#1986=ADVANCED_FACE('',(#1783),#1893,.T.);
#1987=ADVANCED_FACE('',(#1784),#1894,.T.);
#1988=ADVANCED_FACE('',(#1785),#1895,.T.);
#1989=ADVANCED_FACE('',(#1786),#1896,.T.);
#1990=ADVANCED_FACE('',(#1787),#1897,.T.);
#1991=ADVANCED_FACE('',(#1788),#1898,.T.);
#1992=ADVANCED_FACE('',(#1789),#1899,.T.);
#1993=ADVANCED_FACE('',(#1790),#1900,.T.);
#1994=ADVANCED_FACE('',(#1791),#1901,.T.);
#1995=ADVANCED_FACE('',(#1792),#1902,.T.);
#1996=ADVANCED_FACE('',(#1793),#1903,.T.);
#1997=ADVANCED_FACE('',(#1794),#1904,.T.);
#1998=ADVANCED_FACE('',(#1795),#1905,.T.);
#1999=ADVANCED_FACE('',(#1796),#1906,.T.);
#2000=ADVANCED_FACE('',(#1797),#1907,.T.);
#2001=ADVANCED_FACE('',(#1798),#1908,.T.);
#2002=ADVANCED_FACE('',(#1799),#1909,.F.);
#2003=ADVANCED_FACE('',(#1800,#1801,#1802,#1803,#1804,#1805),#1910,.T.);
#2004=ADVANCED_FACE('',(#1806,#1807,#1808,#1809,#1810),#1911,.T.);
#2005=ADVANCED_FACE('',(#1811),#1912,.T.);
#2006=ADVANCED_FACE('',(#1812),#1913,.T.);
#2007=ADVANCED_FACE('',(#1813),#1914,.T.);
#2008=ADVANCED_FACE('',(#1814),#1915,.T.);
#2009=ADVANCED_FACE('',(#1815),#1916,.T.);
#2010=ADVANCED_FACE('',(#1816),#1917,.T.);
#2011=ADVANCED_FACE('',(#1817),#1918,.T.);
#2012=ADVANCED_FACE('',(#1818),#1919,.T.);
#2013=ADVANCED_FACE('',(#1819),#1920,.T.);
#2014=ADVANCED_FACE('',(#1820),#1921,.T.);
#2015=ADVANCED_FACE('',(#1821),#1922,.T.);
#2016=ADVANCED_FACE('',(#1822),#1923,.T.);
#2017=ADVANCED_FACE('',(#1823),#1924,.T.);
#2018=ADVANCED_FACE('',(#1824),#1925,.T.);
#2019=ADVANCED_FACE('',(#1825),#1926,.T.);
#2020=ADVANCED_FACE('',(#1826),#1927,.T.);
#2021=ADVANCED_FACE('',(#1827),#1928,.T.);
#2022=ADVANCED_FACE('',(#1828),#1929,.T.);
#2023=ADVANCED_FACE('',(#1829),#1930,.T.);
#2024=ADVANCED_FACE('',(#1830),#1931,.T.);
#2025=ADVANCED_FACE('',(#1831),#1932,.F.);
#2026=ADVANCED_FACE('',(#1832),#1933,.F.);
#2027=ADVANCED_FACE('',(#1833),#1934,.F.);
#2028=ADVANCED_FACE('',(#1834),#1935,.F.);
#2029=ADVANCED_FACE('',(#1835),#1936,.T.);
#2030=ADVANCED_FACE('',(#1836),#1937,.F.);
#2031=ADVANCED_FACE('',(#1837),#1938,.F.);
#2032=ADVANCED_FACE('',(#1838),#1939,.F.);
#2033=ADVANCED_FACE('',(#1839),#1940,.F.);
#2034=ADVANCED_FACE('',(#1840),#1941,.F.);
#2035=ADVANCED_FACE('',(#1841),#1942,.F.);
#2036=ADVANCED_FACE('',(#1842),#34,.T.);
#2037=ADVANCED_FACE('',(#1843),#35,.T.);
#2038=ADVANCED_FACE('',(#1844),#1943,.F.);
#2039=ADVANCED_FACE('',(#1845),#1944,.F.);
#2040=ADVANCED_FACE('',(#1846),#1945,.F.);
#2041=ADVANCED_FACE('',(#1847),#1946,.F.);
#2042=ADVANCED_FACE('',(#1848),#36,.T.);
#2043=ADVANCED_FACE('',(#1849),#37,.T.);
#2044=ADVANCED_FACE('',(#1850),#1947,.F.);
#2045=ADVANCED_FACE('',(#1851),#1948,.F.);
#2046=ADVANCED_FACE('',(#1852),#1949,.F.);
#2047=ADVANCED_FACE('',(#1853),#1950,.F.);
#2048=ADVANCED_FACE('',(#1854),#1951,.F.);
#2049=ADVANCED_FACE('',(#1855),#1952,.F.);
#2050=ADVANCED_FACE('',(#1856),#38,.F.);
#2051=ADVANCED_FACE('',(#1857),#39,.F.);
#2052=ADVANCED_FACE('',(#1858),#1953,.F.);
#2053=ADVANCED_FACE('',(#1859),#1954,.F.);
#2054=ADVANCED_FACE('',(#1860),#40,.F.);
#2055=ADVANCED_FACE('',(#1861),#41,.F.);
#2056=ADVANCED_FACE('',(#1862),#1955,.F.);
#2057=ADVANCED_FACE('',(#1863),#1956,.T.);
#2058=ADVANCED_FACE('',(#1864),#1957,.F.);
#2059=ADVANCED_FACE('',(#1865),#1958,.F.);
#2060=ADVANCED_FACE('',(#1866),#1959,.T.);
#2061=ADVANCED_FACE('',(#1867),#1960,.F.);
#2062=ADVANCED_FACE('',(#1868),#1961,.T.);
#2063=ADVANCED_FACE('',(#1869),#1962,.T.);
#2064=ADVANCED_FACE('',(#1870),#1963,.T.);
#2065=ADVANCED_FACE('',(#1871),#1964,.T.);
#2066=ADVANCED_FACE('',(#1872),#1965,.T.);
#2067=ADVANCED_FACE('',(#1873),#1966,.T.);
#2068=CLOSED_SHELL('',(#1967,#1968,#1969,#1970,#1971,#1972,#1973,#1974,
#1975,#1976,#1977,#1978,#1979,#1980,#1981,#1982,#1983,#1984,#1985,#1986,
#1987,#1988,#1989,#1990,#1991,#1992,#1993,#1994,#1995,#1996,#1997,#1998,
#1999,#2000,#2001,#2002,#2003,#2004,#2005,#2006,#2007,#2008,#2009,#2010,
#2011,#2012,#2013,#2014,#2015,#2016,#2017,#2018,#2019,#2020,#2021,#2022,
#2023,#2024,#2025,#2026,#2027,#2028,#2029));
#2069=CLOSED_SHELL('',(#2030,#2031,#2032,#2033,#2034,#2035,#2036,#2037,
#2038,#2039,#2040,#2041,#2042,#2043,#2044,#2045,#2046,#2047,#2048,#2049,
#2050,#2051,#2052,#2053,#2054,#2055,#2056,#2057,#2058,#2059,#2060,#2061,
#2062,#2063,#2064,#2065,#2066,#2067));
#2070=STYLED_ITEM('',(#2072),#2086);
#2071=STYLED_ITEM('',(#2073),#2087);
#2072=PRESENTATION_STYLE_ASSIGNMENT((#2074));
#2073=PRESENTATION_STYLE_ASSIGNMENT((#2075));
#2074=SURFACE_STYLE_USAGE(.BOTH.,#2076);
#2075=SURFACE_STYLE_USAGE(.BOTH.,#2077);
#2076=SURFACE_SIDE_STYLE('',(#2078));
#2077=SURFACE_SIDE_STYLE('',(#2079));
#2078=SURFACE_STYLE_FILL_AREA(#2080);
#2079=SURFACE_STYLE_FILL_AREA(#2081);
#2080=FILL_AREA_STYLE('',(#2082));
#2081=FILL_AREA_STYLE('',(#2083));
#2082=FILL_AREA_STYLE_COLOUR('',#2084);
#2083=FILL_AREA_STYLE_COLOUR('',#2085);
#2084=COLOUR_RGB('',0.0549019612371922,0.0549019612371922,0.0549019612371922);
#2085=COLOUR_RGB('',0.670588254928589,0.670588254928589,0.670588254928589);
#2086=MANIFOLD_SOLID_BREP('SSM-102-L-DV_body',#2068);
#2087=MANIFOLD_SOLID_BREP('C-137-01-L2',#2069);
#2088=SHAPE_DEFINITION_REPRESENTATION(#3323,#2091);
#2089=SHAPE_DEFINITION_REPRESENTATION(#3324,#2092);
#2090=SHAPE_DEFINITION_REPRESENTATION(#3326,#2093);
#2091=SHAPE_REPRESENTATION('SSM-102-L-DV',(#2094,#2158,#2213),#3311);
#2092=SHAPE_REPRESENTATION('SSM-102-L-DV_body',(#2094),#3312);
#2093=SHAPE_REPRESENTATION('C-137-01-L2',(#2094),#3313);
#2094=AXIS2_PLACEMENT_3D('',#2726,#2214,#2215);
#2095=AXIS2_PLACEMENT_3D('',#2727,#2216,#2217);
#2096=AXIS2_PLACEMENT_3D('',#2736,#2222,#2223);
#2097=AXIS2_PLACEMENT_3D('',#2745,#2228,#2229);
#2098=AXIS2_PLACEMENT_3D('',#2754,#2234,#2235);
#2099=AXIS2_PLACEMENT_3D('',#2763,#2240,#2241);
#2100=AXIS2_PLACEMENT_3D('',#2772,#2246,#2247);
#2101=AXIS2_PLACEMENT_3D('',#2781,#2252,#2253);
#2102=AXIS2_PLACEMENT_3D('',#2813,#2271,#2272);
#2103=AXIS2_PLACEMENT_3D('',#2845,#2290,#2291);
#2104=AXIS2_PLACEMENT_3D('',#2851,#2295,#2296);
#2105=AXIS2_PLACEMENT_3D('',#2860,#2301,#2302);
#2106=AXIS2_PLACEMENT_3D('',#2866,#2306,#2307);
#2107=AXIS2_PLACEMENT_3D('',#2875,#2312,#2313);
#2108=AXIS2_PLACEMENT_3D('',#2881,#2317,#2318);
#2109=AXIS2_PLACEMENT_3D('',#2887,#2322,#2323);
#2110=AXIS2_PLACEMENT_3D('',#2896,#2328,#2329);
#2111=AXIS2_PLACEMENT_3D('',#2902,#2333,#2334);
#2112=AXIS2_PLACEMENT_3D('',#2911,#2339,#2340);
#2113=AXIS2_PLACEMENT_3D('',#2917,#2344,#2345);
#2114=AXIS2_PLACEMENT_3D('',#2920,#2348,#2349);
#2115=AXIS2_PLACEMENT_3D('',#2929,#2354,#2355);
#2116=AXIS2_PLACEMENT_3D('',#2935,#2359,#2360);
#2117=AXIS2_PLACEMENT_3D('',#2941,#2364,#2365);
#2118=AXIS2_PLACEMENT_3D('',#2950,#2370,#2371);
#2119=AXIS2_PLACEMENT_3D('',#2956,#2375,#2376);
#2120=AXIS2_PLACEMENT_3D('',#2962,#2380,#2381);
#2121=AXIS2_PLACEMENT_3D('',#2971,#2386,#2387);
#2122=AXIS2_PLACEMENT_3D('',#2977,#2391,#2392);
#2123=AXIS2_PLACEMENT_3D('',#2983,#2396,#2397);
#2124=AXIS2_PLACEMENT_3D('',#2992,#2402,#2403);
#2125=AXIS2_PLACEMENT_3D('',#2998,#2407,#2408);
#2126=AXIS2_PLACEMENT_3D('',#3004,#2412,#2413);
#2127=AXIS2_PLACEMENT_3D('',#3007,#2416,#2417);
#2128=AXIS2_PLACEMENT_3D('',#3010,#2420,#2421);
#2129=AXIS2_PLACEMENT_3D('',#3013,#2424,#2425);
#2130=AXIS2_PLACEMENT_3D('',#3016,#2428,#2429);
#2131=AXIS2_PLACEMENT_3D('',#3019,#2432,#2433);
#2132=AXIS2_PLACEMENT_3D('',#3028,#2438,#2439);
#2133=AXIS2_PLACEMENT_3D('',#3045,#2456,#2457);
#2134=AXIS2_PLACEMENT_3D('',#3046,#2458,#2459);
#2135=AXIS2_PLACEMENT_3D('',#3048,#2461,#2462);
#2136=AXIS2_PLACEMENT_3D('',#3050,#2464,#2465);
#2137=AXIS2_PLACEMENT_3D('',#3051,#2466,#2467);
#2138=AXIS2_PLACEMENT_3D('',#3052,#2468,#2469);
#2139=AXIS2_PLACEMENT_3D('',#3053,#2470,#2471);
#2140=AXIS2_PLACEMENT_3D('',#3055,#2473,#2474);
#2141=AXIS2_PLACEMENT_3D('',#3057,#2476,#2477);
#2142=AXIS2_PLACEMENT_3D('',#3058,#2478,#2479);
#2143=AXIS2_PLACEMENT_3D('',#3059,#2480,#2481);
#2144=AXIS2_PLACEMENT_3D('',#3060,#2482,#2483);
#2145=AXIS2_PLACEMENT_3D('',#3062,#2485,#2486);
#2146=AXIS2_PLACEMENT_3D('',#3064,#2488,#2489);
#2147=AXIS2_PLACEMENT_3D('',#3065,#2490,#2491);
#2148=AXIS2_PLACEMENT_3D('',#3066,#2492,#2493);
#2149=AXIS2_PLACEMENT_3D('',#3067,#2494,#2495);
#2150=AXIS2_PLACEMENT_3D('',#3069,#2497,#2498);
#2151=AXIS2_PLACEMENT_3D('',#3071,#2500,#2501);
#2152=AXIS2_PLACEMENT_3D('',#3072,#2502,#2503);
#2153=AXIS2_PLACEMENT_3D('',#3073,#2504,#2505);
#2154=AXIS2_PLACEMENT_3D('',#3079,#2509,#2510);
#2155=AXIS2_PLACEMENT_3D('',#3083,#2513,#2514);
#2156=AXIS2_PLACEMENT_3D('',#3087,#2517,#2518);
#2157=AXIS2_PLACEMENT_3D('',#3089,#2520,#2521);
#2158=AXIS2_PLACEMENT_3D('',#3090,#2522,#2523);
#2159=AXIS2_PLACEMENT_3D('',#3091,#2524,#2525);
#2160=AXIS2_PLACEMENT_3D('',#3100,#2530,#2531);
#2161=AXIS2_PLACEMENT_3D('',#3109,#2536,#2537);
#2162=AXIS2_PLACEMENT_3D('',#3115,#2541,#2542);
#2163=AXIS2_PLACEMENT_3D('',#3121,#2546,#2547);
#2164=AXIS2_PLACEMENT_3D('',#3127,#2551,#2552);
#2165=AXIS2_PLACEMENT_3D('',#3133,#2556,#2557);
#2166=AXIS2_PLACEMENT_3D('',#3134,#2558,#2559);
#2167=AXIS2_PLACEMENT_3D('',#3136,#2560,#2561);
#2168=AXIS2_PLACEMENT_3D('',#3139,#2563,#2564);
#2169=AXIS2_PLACEMENT_3D('',#3140,#2565,#2566);
#2170=AXIS2_PLACEMENT_3D('',#3144,#2568,#2569);
#2171=AXIS2_PLACEMENT_3D('',#3145,#2570,#2571);
#2172=AXIS2_PLACEMENT_3D('',#3155,#2577,#2578);
#2173=AXIS2_PLACEMENT_3D('',#3165,#2584,#2585);
#2174=AXIS2_PLACEMENT_3D('',#3178,#2592,#2593);
#2175=AXIS2_PLACEMENT_3D('',#3191,#2600,#2601);
#2176=AXIS2_PLACEMENT_3D('',#3192,#2602,#2603);
#2177=AXIS2_PLACEMENT_3D('',#3194,#2604,#2605);
#2178=AXIS2_PLACEMENT_3D('',#3197,#2607,#2608);
#2179=AXIS2_PLACEMENT_3D('',#3198,#2609,#2610);
#2180=AXIS2_PLACEMENT_3D('',#3202,#2612,#2613);
#2181=AXIS2_PLACEMENT_3D('',#3203,#2614,#2615);
#2182=AXIS2_PLACEMENT_3D('',#3209,#2619,#2620);
#2183=AXIS2_PLACEMENT_3D('',#3215,#2624,#2625);
#2184=AXIS2_PLACEMENT_3D('',#3221,#2629,#2630);
#2185=AXIS2_PLACEMENT_3D('',#3227,#2634,#2635);
#2186=AXIS2_PLACEMENT_3D('',#3233,#2639,#2640);
#2187=AXIS2_PLACEMENT_3D('',#3239,#2644,#2645);
#2188=AXIS2_PLACEMENT_3D('',#3243,#2647,#2648);
#2189=AXIS2_PLACEMENT_3D('',#3244,#2649,#2650);
#2190=AXIS2_PLACEMENT_3D('',#3245,#2651,#2652);
#2191=AXIS2_PLACEMENT_3D('',#3246,#2653,#2654);
#2192=AXIS2_PLACEMENT_3D('',#3250,#2656,#2657);
#2193=AXIS2_PLACEMENT_3D('',#3251,#2658,#2659);
#2194=AXIS2_PLACEMENT_3D('',#3262,#2666,#2667);
#2195=AXIS2_PLACEMENT_3D('',#3279,#2676,#2677);
#2196=AXIS2_PLACEMENT_3D('',#3280,#2678,#2679);
#2197=AXIS2_PLACEMENT_3D('',#3281,#2680,#2681);
#2198=AXIS2_PLACEMENT_3D('',#3282,#2682,#2683);
#2199=AXIS2_PLACEMENT_3D('',#3283,#2684,#2685);
#2200=AXIS2_PLACEMENT_3D('',#3284,#2686,#2687);
#2201=AXIS2_PLACEMENT_3D('',#3285,#2688,#2689);
#2202=AXIS2_PLACEMENT_3D('',#3292,#2696,#2697);
#2203=AXIS2_PLACEMENT_3D('',#3294,#2699,#2700);
#2204=AXIS2_PLACEMENT_3D('',#3296,#2702,#2703);
#2205=AXIS2_PLACEMENT_3D('',#3301,#2708,#2709);
#2206=AXIS2_PLACEMENT_3D('',#3302,#2710,#2711);
#2207=AXIS2_PLACEMENT_3D('',#3303,#2712,#2713);
#2208=AXIS2_PLACEMENT_3D('',#3304,#2714,#2715);
#2209=AXIS2_PLACEMENT_3D('',#3305,#2716,#2717);
#2210=AXIS2_PLACEMENT_3D('',#3306,#2718,#2719);
#2211=AXIS2_PLACEMENT_3D('',#3307,#2720,#2721);
#2212=AXIS2_PLACEMENT_3D('',#3308,#2722,#2723);
#2213=AXIS2_PLACEMENT_3D('',#3309,#2724,#2725);
#2214=DIRECTION('',(0.,0.,1.));
#2215=DIRECTION('',(1.,0.,0.));
#2216=DIRECTION('',(0.,1.,0.));
#2217=DIRECTION('',(0.,0.,1.));
#2218=DIRECTION('',(0.,0.,1.));
#2219=DIRECTION('',(-1.,0.,0.));
#2220=DIRECTION('',(0.,0.,-1.));
#2221=DIRECTION('',(1.,0.,0.));
#2222=DIRECTION('',(0.,1.,0.));
#2223=DIRECTION('',(0.,0.,1.));
#2224=DIRECTION('',(0.,0.,-1.));
#2225=DIRECTION('',(1.,0.,0.));
#2226=DIRECTION('',(0.,0.,1.));
#2227=DIRECTION('',(-1.,0.,0.));
#2228=DIRECTION('',(0.,1.,0.));
#2229=DIRECTION('',(0.,0.,1.));
#2230=DIRECTION('',(0.,0.,-1.));
#2231=DIRECTION('',(1.,0.,0.));
#2232=DIRECTION('',(0.,0.,1.));
#2233=DIRECTION('',(-1.,0.,0.));
#2234=DIRECTION('',(0.,1.,0.));
#2235=DIRECTION('',(0.,0.,1.));
#2236=DIRECTION('',(0.,0.,1.));
#2237=DIRECTION('',(-1.,0.,0.));
#2238=DIRECTION('',(0.,0.,-1.));
#2239=DIRECTION('',(1.,0.,0.));
#2240=DIRECTION('',(0.,1.,0.));
#2241=DIRECTION('',(0.,0.,1.));
#2242=DIRECTION('',(0.,0.,-1.));
#2243=DIRECTION('',(1.,0.,0.));
#2244=DIRECTION('',(0.,0.,1.));
#2245=DIRECTION('',(-1.,0.,0.));
#2246=DIRECTION('',(0.,1.,0.));
#2247=DIRECTION('',(0.,0.,1.));
#2248=DIRECTION('',(0.,0.,-1.));
#2249=DIRECTION('',(1.,0.,0.));
#2250=DIRECTION('',(0.,0.,1.));
#2251=DIRECTION('',(-1.,0.,0.));
#2252=DIRECTION('',(0.,0.,1.));
#2253=DIRECTION('',(1.,0.,0.));
#2254=DIRECTION('',(-0.521450009453975,0.853281833651959,0.));
#2255=DIRECTION('',(-1.,8.53702498020081E-16,0.));
#2256=DIRECTION('',(-0.668964731622449,-0.743294146247167,0.));
#2257=DIRECTION('',(-1.,0.,0.));
#2258=DIRECTION('',(-0.66896473162245,0.743294146247167,0.));
#2259=DIRECTION('',(-1.,0.,0.));
#2260=DIRECTION('',(-0.521450009453975,-0.853281833651959,0.));
#2261=DIRECTION('',(-0.521450009453975,0.853281833651959,0.));
#2262=DIRECTION('',(-1.,8.53702498020081E-16,0.));
#2263=DIRECTION('',(-0.668964731622449,-0.743294146247167,0.));
#2264=DIRECTION('',(-1.,0.,0.));
#2265=DIRECTION('',(-0.66896473162245,0.743294146247167,0.));
#2266=DIRECTION('',(-1.,0.,0.));
#2267=DIRECTION('',(-0.521450009453975,-0.853281833651959,0.));
#2268=DIRECTION('',(0.,-1.,0.));
#2269=DIRECTION('',(-1.,0.,0.));
#2270=DIRECTION('',(0.,-1.,0.));
#2271=DIRECTION('',(0.,0.,-1.));
#2272=DIRECTION('',(-1.,0.,0.));
#2273=DIRECTION('',(-0.521450009453975,0.853281833651959,0.));
#2274=DIRECTION('',(0.,-1.,0.));
#2275=DIRECTION('',(1.,0.,0.));
#2276=DIRECTION('',(0.,-1.,0.));
#2277=DIRECTION('',(-0.521450009453975,-0.853281833651959,0.));
#2278=DIRECTION('',(-1.,0.,0.));
#2279=DIRECTION('',(-0.66896473162245,0.743294146247167,0.));
#2280=DIRECTION('',(-1.,0.,0.));
#2281=DIRECTION('',(-0.668964731622449,-0.743294146247167,0.));
#2282=DIRECTION('',(-1.,8.53702498020081E-16,0.));
#2283=DIRECTION('',(-0.521450009453975,0.853281833651959,0.));
#2284=DIRECTION('',(-0.521450009453975,-0.853281833651959,0.));
#2285=DIRECTION('',(-1.,0.,0.));
#2286=DIRECTION('',(-0.66896473162245,0.743294146247167,0.));
#2287=DIRECTION('',(-1.,0.,0.));
#2288=DIRECTION('',(-0.668964731622449,-0.743294146247167,0.));
#2289=DIRECTION('',(-1.,8.53702498020081E-16,0.));
#2290=DIRECTION('',(0.,-0.500000000000001,-0.866025403784438));
#2291=DIRECTION('',(0.,0.866025403784438,-0.500000000000001));
#2292=DIRECTION('',(-0.467767581118818,0.765437860012612,-0.441925754526213));
#2293=DIRECTION('',(-1.,0.,0.));
#2294=DIRECTION('',(0.,-0.866025403784438,0.500000000000001));
#2295=DIRECTION('',(0.,-0.500000000000001,-0.866025403784438));
#2296=DIRECTION('',(0.,0.866025403784438,-0.500000000000001));
#2297=DIRECTION('',(-1.,0.,0.));
#2298=DIRECTION('',(-0.614748744335862,-0.683054160373181,0.39436150336255));
#2299=DIRECTION('',(-1.,0.,0.));
#2300=DIRECTION('',(-0.614748744335862,0.683054160373181,-0.39436150336255));
#2301=DIRECTION('',(0.,-0.500000000000001,-0.866025403784438));
#2302=DIRECTION('',(0.,0.866025403784438,-0.500000000000001));
#2303=DIRECTION('',(-1.,0.,0.));
#2304=DIRECTION('',(-0.467767581118818,-0.765437860012612,0.441925754526213));
#2305=DIRECTION('',(-0.467767581118818,0.765437860012612,-0.441925754526213));
#2306=DIRECTION('',(0.,-0.500000000000001,-0.866025403784438));
#2307=DIRECTION('',(0.,0.866025403784438,-0.500000000000001));
#2308=DIRECTION('',(-1.,0.,0.));
#2309=DIRECTION('',(-0.614748744335862,-0.683054160373181,0.39436150336255));
#2310=DIRECTION('',(-1.,0.,0.));
#2311=DIRECTION('',(-0.614748744335862,0.683054160373181,-0.39436150336255));
#2312=DIRECTION('',(0.,-0.500000000000001,-0.866025403784438));
#2313=DIRECTION('',(0.,0.866025403784438,-0.500000000000001));
#2314=DIRECTION('',(-1.,0.,0.));
#2315=DIRECTION('',(-0.467767581118818,-0.765437860012612,0.441925754526213));
#2316=DIRECTION('',(0.,0.866025403784438,-0.500000000000001));
#2317=DIRECTION('',(0.,-0.5,0.866025403784439));
#2318=DIRECTION('',(0.,-0.866025403784439,-0.5));
#2319=DIRECTION('',(-1.,0.,0.));
#2320=DIRECTION('',(0.467767581118818,-0.765437860012612,-0.441925754526212));
#2321=DIRECTION('',(0.,0.866025403784439,0.5));
#2322=DIRECTION('',(0.,-0.5,0.866025403784439));
#2323=DIRECTION('',(0.,-0.866025403784439,-0.5));
#2324=DIRECTION('',(1.,0.,0.));
#2325=DIRECTION('',(0.614748744335862,0.683054160373181,0.394361503362549));
#2326=DIRECTION('',(-1.,0.,0.));
#2327=DIRECTION('',(0.614748744335862,-0.683054160373181,-0.394361503362549));
#2328=DIRECTION('',(0.,-0.5,0.866025403784439));
#2329=DIRECTION('',(0.,-0.866025403784439,-0.5));
#2330=DIRECTION('',(0.467767581118818,0.765437860012612,0.441925754526212));
#2331=DIRECTION('',(-1.,0.,0.));
#2332=DIRECTION('',(0.467767581118819,-0.765437860012612,-0.441925754526212));
#2333=DIRECTION('',(0.,-0.5,0.866025403784439));
#2334=DIRECTION('',(0.,-0.866025403784439,-0.5));
#2335=DIRECTION('',(1.,0.,0.));
#2336=DIRECTION('',(0.614748744335862,0.683054160373181,0.394361503362549));
#2337=DIRECTION('',(-1.,0.,0.));
#2338=DIRECTION('',(0.614748744335862,-0.683054160373181,-0.394361503362549));
#2339=DIRECTION('',(0.,-0.5,0.866025403784439));
#2340=DIRECTION('',(0.,-0.866025403784439,-0.5));
#2341=DIRECTION('',(0.467767581118819,0.765437860012612,0.441925754526212));
#2342=DIRECTION('',(-1.,0.,0.));
#2343=DIRECTION('',(0.,-0.866025403784439,-0.5));
#2344=DIRECTION('',(1.,0.,0.));
#2345=DIRECTION('',(0.,0.,-1.));
#2346=DIRECTION('',(0.,0.,1.));
#2347=DIRECTION('',(0.,0.,-1.));
#2348=DIRECTION('',(0.,0.,1.));
#2349=DIRECTION('',(1.,0.,0.));
#2350=DIRECTION('',(0.,-1.,0.));
#2351=DIRECTION('',(1.,0.,0.));
#2352=DIRECTION('',(0.,-1.,0.));
#2353=DIRECTION('',(-1.,0.,0.));
#2354=DIRECTION('',(-1.,0.,0.));
#2355=DIRECTION('',(0.,0.,1.));
#2356=DIRECTION('',(0.,0.,1.));
#2357=DIRECTION('',(0.,-1.,0.));
#2358=DIRECTION('',(0.,0.,-1.));
#2359=DIRECTION('',(0.,0.,-1.));
#2360=DIRECTION('',(-1.,0.,0.));
#2361=DIRECTION('',(-1.,0.,0.));
#2362=DIRECTION('',(0.,-1.,0.));
#2363=DIRECTION('',(1.,0.,0.));
#2364=DIRECTION('',(0.,0.,1.));
#2365=DIRECTION('',(1.,0.,0.));
#2366=DIRECTION('',(0.,-1.,0.));
#2367=DIRECTION('',(1.,0.,0.));
#2368=DIRECTION('',(0.,-1.,0.));
#2369=DIRECTION('',(-1.,0.,0.));
#2370=DIRECTION('',(-1.,0.,0.));
#2371=DIRECTION('',(0.,0.,1.));
#2372=DIRECTION('',(0.,0.,1.));
#2373=DIRECTION('',(0.,-1.,0.));
#2374=DIRECTION('',(0.,0.,-1.));
#2375=DIRECTION('',(0.,0.,-1.));
#2376=DIRECTION('',(-1.,0.,0.));
#2377=DIRECTION('',(-1.,0.,0.));
#2378=DIRECTION('',(0.,-1.,0.));
#2379=DIRECTION('',(1.,0.,0.));
#2380=DIRECTION('',(0.,0.,1.));
#2381=DIRECTION('',(1.,0.,0.));
#2382=DIRECTION('',(0.,-1.,0.));
#2383=DIRECTION('',(1.,0.,0.));
#2384=DIRECTION('',(0.,-1.,0.));
#2385=DIRECTION('',(-1.,0.,0.));
#2386=DIRECTION('',(-1.,0.,0.));
#2387=DIRECTION('',(0.,0.,1.));
#2388=DIRECTION('',(0.,0.,1.));
#2389=DIRECTION('',(0.,-1.,0.));
#2390=DIRECTION('',(0.,0.,-1.));
#2391=DIRECTION('',(0.,0.,-1.));
#2392=DIRECTION('',(-1.,0.,0.));
#2393=DIRECTION('',(-1.,0.,0.));
#2394=DIRECTION('',(0.,-1.,0.));
#2395=DIRECTION('',(1.,0.,0.));
#2396=DIRECTION('',(0.,0.,1.));
#2397=DIRECTION('',(1.,0.,0.));
#2398=DIRECTION('',(0.,-1.,0.));
#2399=DIRECTION('',(1.,0.,0.));
#2400=DIRECTION('',(0.,-1.,0.));
#2401=DIRECTION('',(-1.,0.,0.));
#2402=DIRECTION('',(-1.,0.,0.));
#2403=DIRECTION('',(0.,0.,1.));
#2404=DIRECTION('',(0.,0.,1.));
#2405=DIRECTION('',(0.,-1.,0.));
#2406=DIRECTION('',(0.,0.,-1.));
#2407=DIRECTION('',(0.,0.,-1.));
#2408=DIRECTION('',(-1.,0.,0.));
#2409=DIRECTION('',(-1.,0.,0.));
#2410=DIRECTION('',(0.,-1.,0.));
#2411=DIRECTION('',(1.,0.,0.));
#2412=DIRECTION('',(1.,0.,0.));
#2413=DIRECTION('',(0.,0.,-1.));
#2414=DIRECTION('',(0.,0.,-1.));
#2415=DIRECTION('',(0.,0.,1.));
#2416=DIRECTION('',(1.,0.,0.));
#2417=DIRECTION('',(0.,0.,-1.));
#2418=DIRECTION('',(0.,0.,-1.));
#2419=DIRECTION('',(0.,0.,1.));
#2420=DIRECTION('',(1.,0.,0.));
#2421=DIRECTION('',(0.,0.,-1.));
#2422=DIRECTION('',(0.,0.,-1.));
#2423=DIRECTION('',(0.,0.,1.));
#2424=DIRECTION('',(1.,0.,0.));
#2425=DIRECTION('',(0.,0.,-1.));
#2426=DIRECTION('',(0.,0.,-1.));
#2427=DIRECTION('',(0.,0.,1.));
#2428=DIRECTION('',(-1.,0.,0.));
#2429=DIRECTION('',(0.,0.,1.));
#2430=DIRECTION('',(0.,0.,1.));
#2431=DIRECTION('',(0.,0.,-1.));
#2432=DIRECTION('',(0.,1.,0.));
#2433=DIRECTION('',(0.,0.,1.));
#2434=DIRECTION('',(-1.,0.,0.));
#2435=DIRECTION('',(0.,0.,-1.));
#2436=DIRECTION('',(1.,0.,0.));
#2437=DIRECTION('',(0.,0.,1.));
#2438=DIRECTION('',(0.,-1.,0.));
#2439=DIRECTION('',(0.,0.,-1.));
#2440=DIRECTION('',(0.,0.,-1.));
#2441=DIRECTION('',(0.,0.,-1.));
#2442=DIRECTION('',(0.,0.,-1.));
#2443=DIRECTION('',(0.,0.,-1.));
#2444=DIRECTION('',(0.,0.,-1.));
#2445=DIRECTION('',(0.,0.,-1.));
#2446=DIRECTION('',(0.,0.,-1.));
#2447=DIRECTION('',(0.,0.,-1.));
#2448=DIRECTION('',(0.,0.,-1.));
#2449=DIRECTION('',(0.,0.,-1.));
#2450=DIRECTION('',(0.,0.,-1.));
#2451=DIRECTION('',(0.,0.,-1.));
#2452=DIRECTION('',(0.,0.,-1.));
#2453=DIRECTION('',(0.,0.,-1.));
#2454=DIRECTION('',(0.,0.,-1.));
#2455=DIRECTION('',(0.,0.,-1.));
#2456=DIRECTION('',(0.853281833651959,-0.521450009453975,0.));
#2457=DIRECTION('',(0.521450009453975,0.853281833651959,0.));
#2458=DIRECTION('',(-0.743294146247167,-0.668964731622449,0.));
#2459=DIRECTION('',(0.668964731622449,-0.743294146247167,0.));
#2460=DIRECTION('',(0.,0.,-1.));
#2461=DIRECTION('',(0.,-1.,0.));
#2462=DIRECTION('',(0.,0.,-1.));
#2463=DIRECTION('',(0.,0.,-1.));
#2464=DIRECTION('',(0.743294146247167,-0.668964731622449,0.));
#2465=DIRECTION('',(0.668964731622449,0.743294146247167,0.));
#2466=DIRECTION('',(-0.853281833651959,-0.521450009453975,0.));
#2467=DIRECTION('',(0.521450009453975,-0.853281833651959,0.));
#2468=DIRECTION('',(0.853281833651959,-0.521450009453975,0.));
#2469=DIRECTION('',(0.521450009453975,0.853281833651959,0.));
#2470=DIRECTION('',(-0.743294146247167,-0.668964731622449,0.));
#2471=DIRECTION('',(0.668964731622449,-0.743294146247167,0.));
#2472=DIRECTION('',(0.,0.,-1.));
#2473=DIRECTION('',(0.,-1.,0.));
#2474=DIRECTION('',(0.,0.,-1.));
#2475=DIRECTION('',(0.,0.,-1.));
#2476=DIRECTION('',(0.743294146247167,-0.668964731622449,0.));
#2477=DIRECTION('',(0.668964731622449,0.743294146247167,0.));
#2478=DIRECTION('',(-0.853281833651959,-0.521450009453975,0.));
#2479=DIRECTION('',(0.521450009453975,-0.853281833651959,0.));
#2480=DIRECTION('',(0.853281833651959,-0.521450009453975,0.));
#2481=DIRECTION('',(0.521450009453975,0.853281833651959,0.));
#2482=DIRECTION('',(-0.743294146247167,-0.668964731622449,0.));
#2483=DIRECTION('',(0.668964731622449,-0.743294146247167,0.));
#2484=DIRECTION('',(0.,0.,-1.));
#2485=DIRECTION('',(0.,-1.,0.));
#2486=DIRECTION('',(0.,0.,-1.));
#2487=DIRECTION('',(0.,0.,-1.));
#2488=DIRECTION('',(0.743294146247167,-0.668964731622449,0.));
#2489=DIRECTION('',(0.668964731622449,0.743294146247167,0.));
#2490=DIRECTION('',(-0.853281833651959,-0.521450009453975,0.));
#2491=DIRECTION('',(0.521450009453975,-0.853281833651959,0.));
#2492=DIRECTION('',(-0.853281833651959,-0.521450009453975,0.));
#2493=DIRECTION('',(0.521450009453975,-0.853281833651959,0.));
#2494=DIRECTION('',(0.743294146247167,-0.668964731622449,0.));
#2495=DIRECTION('',(0.668964731622449,0.743294146247167,0.));
#2496=DIRECTION('',(0.,0.,-1.));
#2497=DIRECTION('',(0.,-1.,0.));
#2498=DIRECTION('',(0.,0.,-1.));
#2499=DIRECTION('',(0.,0.,-1.));
#2500=DIRECTION('',(-0.743294146247167,-0.668964731622449,0.));
#2501=DIRECTION('',(0.668964731622449,-0.743294146247167,0.));
#2502=DIRECTION('',(0.853281833651959,-0.521450009453975,0.));
#2503=DIRECTION('',(0.521450009453975,0.853281833651959,0.));
#2504=DIRECTION('',(0.,0.,-1.));
#2505=DIRECTION('',(-1.,0.,0.));
#2506=DIRECTION('',(0.,1.,0.));
#2507=DIRECTION('',(-1.,0.,0.));
#2508=DIRECTION('',(0.,1.,0.));
#2509=DIRECTION('',(-1.,0.,0.));
#2510=DIRECTION('',(0.,0.,1.));
#2511=DIRECTION('',(0.,1.,0.));
#2512=DIRECTION('',(0.,0.,1.));
#2513=DIRECTION('',(0.,0.,1.));
#2514=DIRECTION('',(1.,0.,0.));
#2515=DIRECTION('',(0.,1.,0.));
#2516=DIRECTION('',(1.,0.,0.));
#2517=DIRECTION('',(1.,0.,0.));
#2518=DIRECTION('',(0.,0.,-1.));
#2519=DIRECTION('',(0.,0.,-1.));
#2520=DIRECTION('',(0.,1.,0.));
#2521=DIRECTION('',(0.,0.,1.));
#2522=DIRECTION('',(0.,0.,1.));
#2523=DIRECTION('',(1.,0.,0.));
#2524=DIRECTION('',(0.,-1.,3.23949608623692E-16));
#2525=DIRECTION('',(0.,-3.23949608623692E-16,-1.));
#2526=DIRECTION('',(0.,3.23949608623692E-16,1.));
#2527=DIRECTION('',(-1.,0.,0.));
#2528=DIRECTION('',(0.,3.23949608623692E-16,1.));
#2529=DIRECTION('',(-1.,0.,0.));
#2530=DIRECTION('',(0.,-1.,3.23949608623692E-16));
#2531=DIRECTION('',(0.,-3.23949608623692E-16,-1.));
#2532=DIRECTION('',(0.,-3.23949608623692E-16,-1.));
#2533=DIRECTION('',(-1.,0.,0.));
#2534=DIRECTION('',(0.,3.23949608623692E-16,1.));
#2535=DIRECTION('',(-1.,0.,0.));
#2536=DIRECTION('',(0.,0.,-1.));
#2537=DIRECTION('',(-1.,0.,0.));
#2538=DIRECTION('',(0.,-1.,0.));
#2539=DIRECTION('',(0.,-1.,0.));
#2540=DIRECTION('',(-1.,0.,0.));
#2541=DIRECTION('',(0.,0.,-1.));
#2542=DIRECTION('',(-1.,0.,0.));
#2543=DIRECTION('',(0.,1.,0.));
#2544=DIRECTION('',(-1.,0.,0.));
#2545=DIRECTION('',(0.,-1.,0.));
#2546=DIRECTION('',(0.,1.,0.));
#2547=DIRECTION('',(0.,0.,1.));
#2548=DIRECTION('',(0.,0.,-1.));
#2549=DIRECTION('',(0.,0.,-1.));
#2550=DIRECTION('',(-1.,0.,0.));
#2551=DIRECTION('',(0.,1.,0.));
#2552=DIRECTION('',(0.,0.,1.));
#2553=DIRECTION('',(0.,0.,-1.));
#2554=DIRECTION('',(-1.,0.,0.));
#2555=DIRECTION('',(0.,0.,-1.));
#2556=DIRECTION('',(-1.,0.,0.));
#2557=DIRECTION('',(0.,0.,1.));
#2558=DIRECTION('',(1.,0.,0.));
#2559=DIRECTION('',(0.,0.,-1.));
#2560=DIRECTION('',(1.,0.,0.));
#2561=DIRECTION('',(0.,0.,-1.));
#2562=DIRECTION('',(-1.,0.,0.));
#2563=DIRECTION('',(-1.,0.,0.));
#2564=DIRECTION('',(0.,0.,1.));
#2565=DIRECTION('',(-1.,0.,0.));
#2566=DIRECTION('',(0.,0.,1.));
#2567=DIRECTION('',(-1.,0.,0.));
#2568=DIRECTION('',(1.,0.,0.));
#2569=DIRECTION('',(0.,0.,-1.));
#2570=DIRECTION('',(0.,0.,1.));
#2571=DIRECTION('',(1.,0.,0.));
#2572=DIRECTION('',(0.,1.,0.));
#2573=DIRECTION('',(0.,1.,0.));
#2574=DIRECTION('',(-1.,0.,0.));
#2575=DIRECTION('',(0.,1.,0.));
#2576=DIRECTION('',(1.,0.,0.));
#2577=DIRECTION('',(0.,0.,1.));
#2578=DIRECTION('',(1.,0.,0.));
#2579=DIRECTION('',(0.,-1.,0.));
#2580=DIRECTION('',(1.,0.,0.));
#2581=DIRECTION('',(0.,-1.,0.));
#2582=DIRECTION('',(-1.,0.,0.));
#2583=DIRECTION('',(0.,1.,0.));
#2584=DIRECTION('',(0.,-6.20874544014605E-16,-1.));
#2585=DIRECTION('',(0.,1.,-6.20874544014605E-16));
#2586=DIRECTION('',(0.,1.,-6.20874544014605E-16));
#2587=DIRECTION('',(-1.,0.,0.));
#2588=DIRECTION('',(0.,-1.,6.20874544014605E-16));
#2589=DIRECTION('',(-1.,0.,0.));
#2590=DIRECTION('',(0.,-1.,0.));
#2591=DIRECTION('',(-1.,0.,0.));
#2592=DIRECTION('',(0.,-6.20874544014605E-16,-1.));
#2593=DIRECTION('',(0.,1.,-6.20874544014605E-16));
#2594=DIRECTION('',(0.,-1.,6.20874544014605E-16));
#2595=DIRECTION('',(-1.,0.,0.));
#2596=DIRECTION('',(0.,1.,0.));
#2597=DIRECTION('',(-1.,0.,0.));
#2598=DIRECTION('',(0.,-1.,6.20874544014605E-16));
#2599=DIRECTION('',(-1.,0.,0.));
#2600=DIRECTION('',(-1.,0.,0.));
#2601=DIRECTION('',(0.,0.,1.));
#2602=DIRECTION('',(1.,0.,0.));
#2603=DIRECTION('',(0.,0.,-1.));
#2604=DIRECTION('',(1.,0.,0.));
#2605=DIRECTION('',(0.,0.,-1.));
#2606=DIRECTION('',(-1.,0.,0.));
#2607=DIRECTION('',(-1.,0.,0.));
#2608=DIRECTION('',(0.,0.,1.));
#2609=DIRECTION('',(-1.,0.,0.));
#2610=DIRECTION('',(0.,0.,1.));
#2611=DIRECTION('',(-1.,0.,0.));
#2612=DIRECTION('',(1.,0.,0.));
#2613=DIRECTION('',(0.,0.,-1.));
#2614=DIRECTION('',(0.,1.,0.));
#2615=DIRECTION('',(0.,0.,1.));
#2616=DIRECTION('',(0.,0.,-1.));
#2617=DIRECTION('',(0.,0.,-1.));
#2618=DIRECTION('',(-1.,0.,0.));
#2619=DIRECTION('',(0.,1.,0.));
#2620=DIRECTION('',(0.,0.,1.));
#2621=DIRECTION('',(0.,0.,-1.));
#2622=DIRECTION('',(-1.,0.,0.));
#2623=DIRECTION('',(0.,0.,-1.));
#2624=DIRECTION('',(0.,0.,1.));
#2625=DIRECTION('',(1.,0.,0.));
#2626=DIRECTION('',(0.,1.,0.));
#2627=DIRECTION('',(0.,1.,0.));
#2628=DIRECTION('',(-1.,0.,0.));
#2629=DIRECTION('',(0.,0.,1.));
#2630=DIRECTION('',(1.,0.,0.));
#2631=DIRECTION('',(0.,-1.,0.));
#2632=DIRECTION('',(-1.,0.,0.));
#2633=DIRECTION('',(0.,1.,0.));
#2634=DIRECTION('',(0.,-1.,-3.43005467954497E-16));
#2635=DIRECTION('',(0.,3.43005467954497E-16,-1.));
#2636=DIRECTION('',(0.,-3.43005467954497E-16,1.));
#2637=DIRECTION('',(0.,-3.43005467954497E-16,1.));
#2638=DIRECTION('',(-1.,0.,0.));
#2639=DIRECTION('',(0.,-1.,-3.43005467954497E-16));
#2640=DIRECTION('',(0.,3.43005467954497E-16,-1.));
#2641=DIRECTION('',(0.,3.43005467954497E-16,-1.));
#2642=DIRECTION('',(-1.,0.,0.));
#2643=DIRECTION('',(0.,-3.43005467954497E-16,1.));
#2644=DIRECTION('',(-1.,0.,0.));
#2645=DIRECTION('',(0.,0.,1.));
#2646=DIRECTION('',(-1.,0.,0.));
#2647=DIRECTION('',(1.,0.,0.));
#2648=DIRECTION('',(0.,0.,-1.));
#2649=DIRECTION('',(1.,0.,0.));
#2650=DIRECTION('',(0.,0.,-1.));
#2651=DIRECTION('',(-1.,0.,0.));
#2652=DIRECTION('',(0.,0.,1.));
#2653=DIRECTION('',(-1.,0.,0.));
#2654=DIRECTION('',(0.,0.,1.));
#2655=DIRECTION('',(-1.,0.,0.));
#2656=DIRECTION('',(1.,0.,0.));
#2657=DIRECTION('',(0.,0.,-1.));
#2658=DIRECTION('',(0.,-1.42283749670014E-16,1.));
#2659=DIRECTION('',(0.,-1.,-1.42283749670014E-16));
#2660=DIRECTION('',(0.,1.,1.42283749670014E-16));
#2661=DIRECTION('',(0.,1.,1.42283749670014E-16));
#2662=DIRECTION('',(-1.,0.,0.));
#2663=DIRECTION('',(0.,1.,1.42283749670014E-16));
#2664=DIRECTION('',(0.,-1.,-1.42283749670014E-16));
#2665=DIRECTION('',(1.,0.,0.));
#2666=DIRECTION('',(0.,-1.42283749670014E-16,-1.));
#2667=DIRECTION('',(0.,1.,-1.42283749670014E-16));
#2668=DIRECTION('',(0.,-1.,1.42283749670014E-16));
#2669=DIRECTION('',(-1.,0.,0.));
#2670=DIRECTION('',(0.,1.,-1.42283749670014E-16));
#2671=DIRECTION('',(-1.,0.,0.));
#2672=DIRECTION('',(0.,-1.,1.42283749670014E-16));
#2673=DIRECTION('',(-1.,0.,0.));
#2674=DIRECTION('',(0.,-1.,1.42283749670014E-16));
#2675=DIRECTION('',(-1.,0.,0.));
#2676=DIRECTION('',(-1.,0.,0.));
#2677=DIRECTION('',(0.,0.,1.));
#2678=DIRECTION('',(1.,0.,0.));
#2679=DIRECTION('',(0.,0.,-1.));
#2680=DIRECTION('',(1.,0.,0.));
#2681=DIRECTION('',(0.,0.,-1.));
#2682=DIRECTION('',(-1.,0.,0.));
#2683=DIRECTION('',(0.,0.,1.));
#2684=DIRECTION('',(-1.,0.,0.));
#2685=DIRECTION('',(0.,0.,1.));
#2686=DIRECTION('',(1.,0.,0.));
#2687=DIRECTION('',(0.,0.,-1.));
#2688=DIRECTION('',(0.,1.,0.));
#2689=DIRECTION('',(0.,0.,1.));
#2690=DIRECTION('',(0.,0.,1.));
#2691=DIRECTION('',(0.,0.,-1.));
#2692=DIRECTION('',(0.,0.,-1.));
#2693=DIRECTION('',(0.,0.,-1.));
#2694=DIRECTION('',(0.,0.,-1.));
#2695=DIRECTION('',(0.,0.,-1.));
#2696=DIRECTION('',(1.,0.,0.));
#2697=DIRECTION('',(0.,0.,-1.));
#2698=DIRECTION('',(0.,0.,1.));
#2699=DIRECTION('',(1.,0.,0.));
#2700=DIRECTION('',(0.,0.,-1.));
#2701=DIRECTION('',(0.,0.,1.));
#2702=DIRECTION('',(0.,-1.,0.));
#2703=DIRECTION('',(0.,0.,-1.));
#2704=DIRECTION('',(0.,0.,1.));
#2705=DIRECTION('',(0.,0.,-1.));
#2706=DIRECTION('',(0.,0.,-1.));
#2707=DIRECTION('',(0.,0.,1.));
#2708=DIRECTION('',(1.,0.,0.));
#2709=DIRECTION('',(0.,0.,-1.));
#2710=DIRECTION('',(1.,0.,0.));
#2711=DIRECTION('',(0.,0.,-1.));
#2712=DIRECTION('',(-1.,0.,0.));
#2713=DIRECTION('',(0.,0.,1.));
#2714=DIRECTION('',(1.,0.,0.));
#2715=DIRECTION('',(0.,0.,-1.));
#2716=DIRECTION('',(-1.,0.,0.));
#2717=DIRECTION('',(0.,0.,1.));
#2718=DIRECTION('',(1.,0.,0.));
#2719=DIRECTION('',(0.,0.,-1.));
#2720=DIRECTION('',(1.,0.,0.));
#2721=DIRECTION('',(0.,0.,-1.));
#2722=DIRECTION('',(-1.,0.,0.));
#2723=DIRECTION('',(0.,0.,1.));
#2724=DIRECTION('',(0.,0.,1.));
#2725=DIRECTION('',(1.,0.,0.));
#2726=CARTESIAN_POINT('',(0.,0.,0.));
#2727=CARTESIAN_POINT('',(0.,0.,0.));
#2728=CARTESIAN_POINT('',(0.0925,0.,0.));
#2729=CARTESIAN_POINT('',(0.0925,0.,0.086));
#2730=CARTESIAN_POINT('',(0.0925,-4.26851249010041E-18,0.1));
#2731=CARTESIAN_POINT('',(0.,0.,0.086));
#2732=CARTESIAN_POINT('',(0.1,3.46944695195361E-18,0.086));
#2733=CARTESIAN_POINT('',(0.1,0.,0.1));
#2734=CARTESIAN_POINT('',(0.1,0.,0.1));
#2735=CARTESIAN_POINT('',(-0.1,0.,0.1));
#2736=CARTESIAN_POINT('',(0.,0.,0.));
#2737=CARTESIAN_POINT('',(0.00750000000000001,0.,0.));
#2738=CARTESIAN_POINT('',(0.00750000000000002,2.56110749406025E-17,0.1));
#2739=CARTESIAN_POINT('',(0.00749999999999999,8.53702498020082E-18,0.086));
#2740=CARTESIAN_POINT('',(-0.1,0.,0.1));
#2741=CARTESIAN_POINT('',(-0.00750000000000002,3.62823561658535E-17,0.1));
#2742=CARTESIAN_POINT('',(-0.0075,0.,0.));
#2743=CARTESIAN_POINT('',(-0.00749999999999998,8.53702498020082E-18,0.086));
#2744=CARTESIAN_POINT('',(0.,0.,0.086));
#2745=CARTESIAN_POINT('',(0.,0.,0.));
#2746=CARTESIAN_POINT('',(-0.0925,0.,0.));
#2747=CARTESIAN_POINT('',(-0.0925,4.90878936361547E-17,0.1));
#2748=CARTESIAN_POINT('',(-0.0925,0.,0.086));
#2749=CARTESIAN_POINT('',(-0.1,0.,0.1));
#2750=CARTESIAN_POINT('',(-0.1,0.,0.1));
#2751=CARTESIAN_POINT('',(-0.1,0.,-0.1));
#2752=CARTESIAN_POINT('',(-0.1,3.46944695195361E-18,0.086));
#2753=CARTESIAN_POINT('',(0.,0.,0.086));
#2754=CARTESIAN_POINT('',(0.,0.,0.));
#2755=CARTESIAN_POINT('',(0.0925,0.,0.));
#2756=CARTESIAN_POINT('',(0.0925,2.13425624505021E-17,-0.1));
#2757=CARTESIAN_POINT('',(0.0925,-8.53702498020082E-18,-0.086));
#2758=CARTESIAN_POINT('',(0.1,0.,-0.1));
#2759=CARTESIAN_POINT('',(0.1,0.,-0.1));
#2760=CARTESIAN_POINT('',(0.1,0.,0.1));
#2761=CARTESIAN_POINT('',(0.1,-2.13425624505021E-18,-0.086));
#2762=CARTESIAN_POINT('',(0.,0.,-0.086));
#2763=CARTESIAN_POINT('',(0.,0.,0.));
#2764=CARTESIAN_POINT('',(0.00750000000000001,0.,0.));
#2765=CARTESIAN_POINT('',(0.00750000000000001,8.53702498020082E-18,-0.086));
#2766=CARTESIAN_POINT('',(0.00750000000000003,3.20138436757531E-17,-0.1));
#2767=CARTESIAN_POINT('',(0.,0.,-0.086));
#2768=CARTESIAN_POINT('',(-0.00750000000000001,0.,-0.086));
#2769=CARTESIAN_POINT('',(-0.0075,0.,0.));
#2770=CARTESIAN_POINT('',(-0.00750000000000001,1.92083062054519E-17,-0.1));
#2771=CARTESIAN_POINT('',(0.1,0.,-0.1));
#2772=CARTESIAN_POINT('',(0.,0.,0.));
#2773=CARTESIAN_POINT('',(-0.0925,0.,0.));
#2774=CARTESIAN_POINT('',(-0.0925,0.,-0.086));
#2775=CARTESIAN_POINT('',(-0.0925,-3.84166124109037E-17,-0.1));
#2776=CARTESIAN_POINT('',(0.,0.,-0.086));
#2777=CARTESIAN_POINT('',(-0.1,0.,-0.086));
#2778=CARTESIAN_POINT('',(-0.1,0.,-0.1));
#2779=CARTESIAN_POINT('',(-0.1,0.,-0.1));
#2780=CARTESIAN_POINT('',(0.1,0.,-0.1));
#2781=CARTESIAN_POINT('',(0.1,0.288,-0.1));
#2782=CARTESIAN_POINT('',(0.0986111111111111,-0.01,-0.1));
#2783=CARTESIAN_POINT('',(0.0815,0.018,-0.1));
#2784=CARTESIAN_POINT('',(0.0815,0.018,-0.1));
#2785=CARTESIAN_POINT('',(0.0765,0.018,-0.1));
#2786=CARTESIAN_POINT('',(0.0765,0.018,-0.1));
#2787=CARTESIAN_POINT('',(0.0675,0.008,-0.1));
#2788=CARTESIAN_POINT('',(0.0675,0.008,-0.1));
#2789=CARTESIAN_POINT('',(0.0325,0.008,-0.1));
#2790=CARTESIAN_POINT('',(0.0325,0.008,-0.1));
#2791=CARTESIAN_POINT('',(0.0235,0.018,-0.1));
#2792=CARTESIAN_POINT('',(0.0235,0.018,-0.1));
#2793=CARTESIAN_POINT('',(0.0185,0.018,-0.1));
#2794=CARTESIAN_POINT('',(0.0185,0.018,-0.1));
#2795=CARTESIAN_POINT('',(-0.00138888888888888,-0.01,-0.1));
#2796=CARTESIAN_POINT('',(-0.0185,0.018,-0.1));
#2797=CARTESIAN_POINT('',(-0.0185,0.018,-0.1));
#2798=CARTESIAN_POINT('',(-0.0235,0.018,-0.1));
#2799=CARTESIAN_POINT('',(-0.0235,0.018,-0.1));
#2800=CARTESIAN_POINT('',(-0.0325,0.008,-0.1));
#2801=CARTESIAN_POINT('',(-0.0325,0.008,-0.1));
#2802=CARTESIAN_POINT('',(-0.0675,0.008,-0.1));
#2803=CARTESIAN_POINT('',(-0.0675,0.008,-0.1));
#2804=CARTESIAN_POINT('',(-0.0765,0.018,-0.1));
#2805=CARTESIAN_POINT('',(-0.0765,0.018,-0.1));
#2806=CARTESIAN_POINT('',(-0.0815,0.018,-0.1));
#2807=CARTESIAN_POINT('',(-0.0815,0.018,-0.1));
#2808=CARTESIAN_POINT('',(-0.1,0.288,-0.1));
#2809=CARTESIAN_POINT('',(-0.1,0.288,-0.1));
#2810=CARTESIAN_POINT('',(0.1,0.288,-0.1));
#2811=CARTESIAN_POINT('',(0.1,0.288,-0.1));
#2812=CARTESIAN_POINT('',(0.1,0.288,-0.1));
#2813=CARTESIAN_POINT('',(-0.1,0.288,0.1));
#2814=CARTESIAN_POINT('',(0.0986111111111111,-0.01,0.1));
#2815=CARTESIAN_POINT('',(0.0815,0.018,0.1));
#2816=CARTESIAN_POINT('',(0.1,0.288,0.1));
#2817=CARTESIAN_POINT('',(0.1,0.288,0.1));
#2818=CARTESIAN_POINT('',(-0.1,0.288,0.1));
#2819=CARTESIAN_POINT('',(-0.1,0.288,0.1));
#2820=CARTESIAN_POINT('',(-0.1,0.288,0.1));
#2821=CARTESIAN_POINT('',(-0.0815,0.018,0.1));
#2822=CARTESIAN_POINT('',(-0.0815,0.018,0.1));
#2823=CARTESIAN_POINT('',(-0.0765,0.018,0.1));
#2824=CARTESIAN_POINT('',(-0.0765,0.018,0.1));
#2825=CARTESIAN_POINT('',(-0.0675,0.008,0.1));
#2826=CARTESIAN_POINT('',(-0.0675,0.008,0.1));
#2827=CARTESIAN_POINT('',(-0.0325,0.008,0.1));
#2828=CARTESIAN_POINT('',(-0.0325,0.008,0.1));
#2829=CARTESIAN_POINT('',(-0.0235,0.018,0.1));
#2830=CARTESIAN_POINT('',(-0.0235,0.018,0.1));
#2831=CARTESIAN_POINT('',(-0.0185,0.018,0.1));
#2832=CARTESIAN_POINT('',(-0.0185,0.018,0.1));
#2833=CARTESIAN_POINT('',(-0.00138888888888888,-0.01,0.1));
#2834=CARTESIAN_POINT('',(0.0185,0.018,0.1));
#2835=CARTESIAN_POINT('',(0.0185,0.018,0.1));
#2836=CARTESIAN_POINT('',(0.0235,0.018,0.1));
#2837=CARTESIAN_POINT('',(0.0235,0.018,0.1));
#2838=CARTESIAN_POINT('',(0.0325,0.008,0.1));
#2839=CARTESIAN_POINT('',(0.0325,0.008,0.1));
#2840=CARTESIAN_POINT('',(0.0675,0.008,0.1));
#2841=CARTESIAN_POINT('',(0.0675,0.008,0.1));
#2842=CARTESIAN_POINT('',(0.0765,0.018,0.1));
#2843=CARTESIAN_POINT('',(0.0765,0.018,0.1));
#2844=CARTESIAN_POINT('',(0.0815,0.018,0.1));
#2845=CARTESIAN_POINT('',(0.2,0.018,0.0756076951545867));
#2846=CARTESIAN_POINT('',(0.107428571428571,-0.0244285714285714,0.100103842290204));
#2847=CARTESIAN_POINT('',(0.0815,0.018,0.0756076951545867));
#2848=CARTESIAN_POINT('',(0.2,0.018,0.0756076951545867));
#2849=CARTESIAN_POINT('',(0.1,0.018,0.0756076951545867));
#2850=CARTESIAN_POINT('',(0.1,0.209937822173509,-0.0352076581449593));
#2851=CARTESIAN_POINT('',(0.2,0.018,0.0756076951545867));
#2852=CARTESIAN_POINT('',(0.2,0.018,0.0756076951545867));
#2853=CARTESIAN_POINT('',(0.0765,0.018,0.0756076951545867));
#2854=CARTESIAN_POINT('',(0.0235,0.018,0.0756076951545867));
#2855=CARTESIAN_POINT('',(0.123172628304821,0.0698584758942457,0.0456671901372802));
#2856=CARTESIAN_POINT('',(0.0675,0.008,0.081381197846483));
#2857=CARTESIAN_POINT('',(0.2,0.008,0.081381197846483));
#2858=CARTESIAN_POINT('',(0.0325,0.008,0.081381197846483));
#2859=CARTESIAN_POINT('',(0.0902021772939346,-0.0561135303265941,0.118397161839239));
#2860=CARTESIAN_POINT('',(0.2,0.018,0.0756076951545867));
#2861=CARTESIAN_POINT('',(0.2,0.018,0.0756076951545867));
#2862=CARTESIAN_POINT('',(0.0185,0.018,0.0756076951545867));
#2863=CARTESIAN_POINT('',(-0.0185,0.018,0.0756076951545867));
#2864=CARTESIAN_POINT('',(0.0582133815551536,0.0829855334538878,0.0380882799215531));
#2865=CARTESIAN_POINT('',(0.0293092224231465,-0.0602332730560578,0.120775696413087));
#2866=CARTESIAN_POINT('',(0.2,0.018,0.0756076951545867));
#2867=CARTESIAN_POINT('',(0.2,0.018,0.0756076951545867));
#2868=CARTESIAN_POINT('',(-0.0235,0.018,0.0756076951545867));
#2869=CARTESIAN_POINT('',(-0.0765,0.018,0.0756076951545867));
#2870=CARTESIAN_POINT('',(0.0609642301710729,0.111849144634526,0.0214238662366272));
#2871=CARTESIAN_POINT('',(-0.0325,0.008,0.081381197846483));
#2872=CARTESIAN_POINT('',(0.2,0.008,0.081381197846483));
#2873=CARTESIAN_POINT('',(-0.0675,0.008,0.081381197846483));
#2874=CARTESIAN_POINT('',(0.0279937791601865,-0.098104199066874,0.142640485739892));
#2875=CARTESIAN_POINT('',(0.2,0.018,0.0756076951545867));
#2876=CARTESIAN_POINT('',(0.2,0.018,0.0756076951545867));
#2877=CARTESIAN_POINT('',(-0.0815,0.018,0.0756076951545867));
#2878=CARTESIAN_POINT('',(-0.1,0.018,0.0756076951545867));
#2879=CARTESIAN_POINT('',(-0.0199059674502714,0.118790235081374,0.0174164257986695));
#2880=CARTESIAN_POINT('',(-0.1,0.296540362551953,-0.0852076581449594));
#2881=CARTESIAN_POINT('',(0.2,-1.73472347597681E-18,-0.086));
#2882=CARTESIAN_POINT('',(0.2,0.018,-0.0756076951545867));
#2883=CARTESIAN_POINT('',(0.1,0.018,-0.0756076951545867));
#2884=CARTESIAN_POINT('',(0.0815,0.018,-0.0756076951545867));
#2885=CARTESIAN_POINT('',(0.116021699819168,-0.0384900542495479,-0.1082222431821));
#2886=CARTESIAN_POINT('',(0.1,0.296540362551953,0.085207658144959));
#2887=CARTESIAN_POINT('',(0.2,-1.73472347597681E-18,-0.086));
#2888=CARTESIAN_POINT('',(0.2,0.008,-0.081381197846483));
#2889=CARTESIAN_POINT('',(0.0325,0.00799999999999998,-0.081381197846483));
#2890=CARTESIAN_POINT('',(0.0675,0.008,-0.081381197846483));
#2891=CARTESIAN_POINT('',(0.113094867807154,0.0586609642301711,-0.0521320765107878));
#2892=CARTESIAN_POINT('',(0.0765,0.018,-0.0756076951545867));
#2893=CARTESIAN_POINT('',(0.2,0.018,-0.0756076951545867));
#2894=CARTESIAN_POINT('',(0.0235,0.018,-0.0756076951545867));
#2895=CARTESIAN_POINT('',(0.100279937791602,-0.0673110419906688,-0.124862048212747));
#2896=CARTESIAN_POINT('',(0.2,-1.73472347597681E-18,-0.086));
#2897=CARTESIAN_POINT('',(0.049620253164557,0.0689240506329114,-0.0462066808134492));
#2898=CARTESIAN_POINT('',(0.0185,0.018,-0.0756076951545867));
#2899=CARTESIAN_POINT('',(0.2,0.018,-0.0756076951545867));
#2900=CARTESIAN_POINT('',(-0.0185,0.018,-0.0756076951545867));
#2901=CARTESIAN_POINT('',(0.0379023508137432,-0.0742947558770344,-0.128894097304983));
#2902=CARTESIAN_POINT('',(0.2,-1.73472347597681E-18,-0.086));
#2903=CARTESIAN_POINT('',(0.2,0.008,-0.081381197846483));
#2904=CARTESIAN_POINT('',(-0.0675,0.00799999999999999,-0.081381197846483));
#2905=CARTESIAN_POINT('',(-0.0325,0.008,-0.081381197846483));
#2906=CARTESIAN_POINT('',(0.0508864696734058,0.100651632970451,-0.0278887526101348));
#2907=CARTESIAN_POINT('',(-0.0235,0.018,-0.0756076951545867));
#2908=CARTESIAN_POINT('',(0.2,0.018,-0.0756076951545867));
#2909=CARTESIAN_POINT('',(-0.0765,0.018,-0.0756076951545867));
#2910=CARTESIAN_POINT('',(0.0380715396578537,-0.109301710730949,-0.1491053721134));
#2911=CARTESIAN_POINT('',(0.2,-1.73472347597681E-18,-0.086));
#2912=CARTESIAN_POINT('',(-0.028499095840868,0.104728752260398,-0.0255348266905657));
#2913=CARTESIAN_POINT('',(-0.0815,0.018,-0.0756076951545867));
#2914=CARTESIAN_POINT('',(0.2,0.018,-0.0756076951545867));
#2915=CARTESIAN_POINT('',(-0.1,0.018,-0.0756076951545867));
#2916=CARTESIAN_POINT('',(-0.1,0.209937822173509,0.0352076581449591));
#2917=CARTESIAN_POINT('',(-0.1,0.288,-0.1));
#2918=CARTESIAN_POINT('',(-0.1,0.288,-0.1));
#2919=CARTESIAN_POINT('',(-0.1,0.018,-0.1));
#2920=CARTESIAN_POINT('',(0.0675,0.288,0.0325));
#2921=CARTESIAN_POINT('',(0.0325,0.288,0.0325));
#2922=CARTESIAN_POINT('',(0.0325,0.288,0.0325));
#2923=CARTESIAN_POINT('',(0.0325,0.018,0.0325));
#2924=CARTESIAN_POINT('',(0.0675,0.018,0.0325));
#2925=CARTESIAN_POINT('',(0.0675,0.018,0.0325));
#2926=CARTESIAN_POINT('',(0.0675,0.288,0.0325));
#2927=CARTESIAN_POINT('',(0.0675,0.288,0.0325));
#2928=CARTESIAN_POINT('',(0.0675,0.288,0.0325));
#2929=CARTESIAN_POINT('',(0.0675,0.288,0.0675));
#2930=CARTESIAN_POINT('',(0.0675,0.018,0.0675));
#2931=CARTESIAN_POINT('',(0.0675,0.018,0.0675));
#2932=CARTESIAN_POINT('',(0.0675,0.288,0.0675));
#2933=CARTESIAN_POINT('',(0.0675,0.288,0.0675));
#2934=CARTESIAN_POINT('',(0.0675,0.288,0.0675));
#2935=CARTESIAN_POINT('',(0.0325,0.288,0.0675));
#2936=CARTESIAN_POINT('',(0.0325,0.018,0.0675));
#2937=CARTESIAN_POINT('',(0.0325,0.018,0.0675));
#2938=CARTESIAN_POINT('',(0.0325,0.288,0.0675));
#2939=CARTESIAN_POINT('',(0.0325,0.288,0.0675));
#2940=CARTESIAN_POINT('',(0.0325,0.288,0.0675));
#2941=CARTESIAN_POINT('',(0.0675,0.288,-0.0675));
#2942=CARTESIAN_POINT('',(0.0325,0.288,-0.0675));
#2943=CARTESIAN_POINT('',(0.0325,0.288,-0.0675));
#2944=CARTESIAN_POINT('',(0.0325,0.018,-0.0675));
#2945=CARTESIAN_POINT('',(0.0675,0.018,-0.0675));
#2946=CARTESIAN_POINT('',(0.0675,0.018,-0.0675));
#2947=CARTESIAN_POINT('',(0.0675,0.288,-0.0675));
#2948=CARTESIAN_POINT('',(0.0675,0.288,-0.0675));
#2949=CARTESIAN_POINT('',(0.0675,0.288,-0.0675));
#2950=CARTESIAN_POINT('',(0.0675,0.288,-0.0325));
#2951=CARTESIAN_POINT('',(0.0675,0.018,-0.0325));
#2952=CARTESIAN_POINT('',(0.0675,0.018,-0.0325));
#2953=CARTESIAN_POINT('',(0.0675,0.288,-0.0325));
#2954=CARTESIAN_POINT('',(0.0675,0.288,-0.0325));
#2955=CARTESIAN_POINT('',(0.0675,0.288,-0.0325));
#2956=CARTESIAN_POINT('',(0.0325,0.288,-0.0325));
#2957=CARTESIAN_POINT('',(0.0325,0.018,-0.0325));
#2958=CARTESIAN_POINT('',(0.0325,0.018,-0.0325));
#2959=CARTESIAN_POINT('',(0.0325,0.288,-0.0325));
#2960=CARTESIAN_POINT('',(0.0325,0.288,-0.0325));
#2961=CARTESIAN_POINT('',(0.0325,0.288,-0.0325));
#2962=CARTESIAN_POINT('',(-0.0325,0.288,0.0325));
#2963=CARTESIAN_POINT('',(-0.0675,0.288,0.0325));
#2964=CARTESIAN_POINT('',(-0.0675,0.288,0.0325));
#2965=CARTESIAN_POINT('',(-0.0675,0.018,0.0325));
#2966=CARTESIAN_POINT('',(-0.0325,0.018,0.0325));
#2967=CARTESIAN_POINT('',(-0.0325,0.018,0.0325));
#2968=CARTESIAN_POINT('',(-0.0325,0.288,0.0325));
#2969=CARTESIAN_POINT('',(-0.0325,0.288,0.0325));
#2970=CARTESIAN_POINT('',(-0.0325,0.288,0.0325));
#2971=CARTESIAN_POINT('',(-0.0325,0.288,0.0675));
#2972=CARTESIAN_POINT('',(-0.0325,0.018,0.0675));
#2973=CARTESIAN_POINT('',(-0.0325,0.018,0.0675));
#2974=CARTESIAN_POINT('',(-0.0325,0.288,0.0675));
#2975=CARTESIAN_POINT('',(-0.0325,0.288,0.0675));
#2976=CARTESIAN_POINT('',(-0.0325,0.288,0.0675));
#2977=CARTESIAN_POINT('',(-0.0675,0.288,0.0675));
#2978=CARTESIAN_POINT('',(-0.0675,0.018,0.0675));
#2979=CARTESIAN_POINT('',(-0.0675,0.018,0.0675));
#2980=CARTESIAN_POINT('',(-0.0675,0.288,0.0675));
#2981=CARTESIAN_POINT('',(-0.0675,0.288,0.0675));
#2982=CARTESIAN_POINT('',(-0.0675,0.288,0.0675));
#2983=CARTESIAN_POINT('',(-0.0325,0.288,-0.0675));
#2984=CARTESIAN_POINT('',(-0.0675,0.288,-0.0675));
#2985=CARTESIAN_POINT('',(-0.0675,0.288,-0.0675));
#2986=CARTESIAN_POINT('',(-0.0675,0.018,-0.0675));
#2987=CARTESIAN_POINT('',(-0.0325,0.018,-0.0675));
#2988=CARTESIAN_POINT('',(-0.0325,0.018,-0.0675));
#2989=CARTESIAN_POINT('',(-0.0325,0.288,-0.0675));
#2990=CARTESIAN_POINT('',(-0.0325,0.288,-0.0675));
#2991=CARTESIAN_POINT('',(-0.0325,0.288,-0.0675));
#2992=CARTESIAN_POINT('',(-0.0325,0.288,-0.0325));
#2993=CARTESIAN_POINT('',(-0.0325,0.018,-0.0325));
#2994=CARTESIAN_POINT('',(-0.0325,0.018,-0.0325));
#2995=CARTESIAN_POINT('',(-0.0325,0.288,-0.0325));
#2996=CARTESIAN_POINT('',(-0.0325,0.288,-0.0325));
#2997=CARTESIAN_POINT('',(-0.0325,0.288,-0.0325));
#2998=CARTESIAN_POINT('',(-0.0675,0.288,-0.0325));
#2999=CARTESIAN_POINT('',(-0.0675,0.018,-0.0325));
#3000=CARTESIAN_POINT('',(-0.0675,0.018,-0.0325));
#3001=CARTESIAN_POINT('',(-0.0675,0.288,-0.0325));
#3002=CARTESIAN_POINT('',(-0.0675,0.288,-0.0325));
#3003=CARTESIAN_POINT('',(-0.0675,0.288,-0.0325));
#3004=CARTESIAN_POINT('',(0.0325,0.288,0.0325));
#3005=CARTESIAN_POINT('',(0.0325,0.018,0.0325));
#3006=CARTESIAN_POINT('',(0.0325,0.288,0.0325));
#3007=CARTESIAN_POINT('',(0.0325,0.288,-0.0675));
#3008=CARTESIAN_POINT('',(0.0325,0.018,-0.0675));
#3009=CARTESIAN_POINT('',(0.0325,0.288,-0.0675));
#3010=CARTESIAN_POINT('',(-0.0675,0.288,0.0325));
#3011=CARTESIAN_POINT('',(-0.0675,0.018,0.0325));
#3012=CARTESIAN_POINT('',(-0.0675,0.288,0.0325));
#3013=CARTESIAN_POINT('',(-0.0675,0.288,-0.0675));
#3014=CARTESIAN_POINT('',(-0.0675,0.018,-0.0675));
#3015=CARTESIAN_POINT('',(-0.0675,0.288,-0.0675));
#3016=CARTESIAN_POINT('',(0.1,0.288,0.1));
#3017=CARTESIAN_POINT('',(0.1,0.018,0.1));
#3018=CARTESIAN_POINT('',(0.1,0.288,0.1));
#3019=CARTESIAN_POINT('',(0.,0.288,0.));
#3020=CARTESIAN_POINT('',(0.00749999999999999,0.288,-0.03));
#3021=CARTESIAN_POINT('',(0.00749999999999999,0.288,-0.03));
#3022=CARTESIAN_POINT('',(-0.00750000000000001,0.288,-0.03));
#3023=CARTESIAN_POINT('',(0.00749999999999999,0.288,0.03));
#3024=CARTESIAN_POINT('',(0.00749999999999999,0.288,0.03));
#3025=CARTESIAN_POINT('',(-0.00750000000000001,0.288,0.03));
#3026=CARTESIAN_POINT('',(-0.00750000000000001,0.288,0.03));
#3027=CARTESIAN_POINT('',(-0.00750000000000001,0.288,-0.03));
#3028=CARTESIAN_POINT('',(0.2,0.018,-0.0756076951545867));
#3029=CARTESIAN_POINT('',(-0.0765,0.018,0.1));
#3030=CARTESIAN_POINT('',(-0.0235,0.018,0.1));
#3031=CARTESIAN_POINT('',(-0.0185,0.018,0.1));
#3032=CARTESIAN_POINT('',(0.0185,0.018,0.1));
#3033=CARTESIAN_POINT('',(0.0235,0.018,0.1));
#3034=CARTESIAN_POINT('',(0.0765,0.018,0.1));
#3035=CARTESIAN_POINT('',(0.0815,0.018,0.1));
#3036=CARTESIAN_POINT('',(0.0815,0.018,0.1));
#3037=CARTESIAN_POINT('',(0.0765,0.018,0.1));
#3038=CARTESIAN_POINT('',(0.0235,0.018,0.1));
#3039=CARTESIAN_POINT('',(0.0185,0.018,0.1));
#3040=CARTESIAN_POINT('',(-0.0185,0.018,0.1));
#3041=CARTESIAN_POINT('',(-0.0235,0.018,0.1));
#3042=CARTESIAN_POINT('',(-0.0765,0.018,0.1));
#3043=CARTESIAN_POINT('',(-0.0815,0.018,0.1));
#3044=CARTESIAN_POINT('',(-0.0815,0.018,0.1));
#3045=CARTESIAN_POINT('',(-0.0815,0.018,0.1));
#3046=CARTESIAN_POINT('',(-0.0675,0.008,0.1));
#3047=CARTESIAN_POINT('',(-0.0675,0.008,0.1));
#3048=CARTESIAN_POINT('',(-0.0325,0.008,0.1));
#3049=CARTESIAN_POINT('',(-0.0325,0.008,0.1));
#3050=CARTESIAN_POINT('',(-0.0235,0.018,0.1));
#3051=CARTESIAN_POINT('',(-0.00138888888888888,-0.01,0.1));
#3052=CARTESIAN_POINT('',(0.0185,0.018,0.1));
#3053=CARTESIAN_POINT('',(0.0325,0.008,0.1));
#3054=CARTESIAN_POINT('',(0.0325,0.008,0.1));
#3055=CARTESIAN_POINT('',(0.0675,0.008,0.1));
#3056=CARTESIAN_POINT('',(0.0675,0.008,0.1));
#3057=CARTESIAN_POINT('',(0.0765,0.018,0.1));
#3058=CARTESIAN_POINT('',(0.0986111111111111,-0.01,0.1));
#3059=CARTESIAN_POINT('',(-0.0815,0.018,0.1));
#3060=CARTESIAN_POINT('',(-0.0675,0.008,0.1));
#3061=CARTESIAN_POINT('',(-0.0675,0.008,0.1));
#3062=CARTESIAN_POINT('',(-0.0325,0.008,0.1));
#3063=CARTESIAN_POINT('',(-0.0325,0.008,0.1));
#3064=CARTESIAN_POINT('',(-0.0235,0.018,0.1));
#3065=CARTESIAN_POINT('',(-0.00138888888888888,-0.01,0.1));
#3066=CARTESIAN_POINT('',(0.0986111111111111,-0.01,0.1));
#3067=CARTESIAN_POINT('',(0.0765,0.018,0.1));
#3068=CARTESIAN_POINT('',(0.0675,0.008,0.1));
#3069=CARTESIAN_POINT('',(0.0675,0.008,0.1));
#3070=CARTESIAN_POINT('',(0.0325,0.008,0.1));
#3071=CARTESIAN_POINT('',(0.0325,0.008,0.1));
#3072=CARTESIAN_POINT('',(0.0185,0.018,0.1));
#3073=CARTESIAN_POINT('',(0.00749999999999999,0.203,-0.03));
#3074=CARTESIAN_POINT('',(-0.00750000000000001,0.203,-0.03));
#3075=CARTESIAN_POINT('',(-0.00750000000000001,0.203,-0.03));
#3076=CARTESIAN_POINT('',(0.00749999999999999,0.203,-0.03));
#3077=CARTESIAN_POINT('',(0.00749999999999999,0.203,-0.03));
#3078=CARTESIAN_POINT('',(0.00749999999999999,0.203,-0.03));
#3079=CARTESIAN_POINT('',(-0.00750000000000001,0.203,-0.03));
#3080=CARTESIAN_POINT('',(-0.00750000000000001,0.203,0.03));
#3081=CARTESIAN_POINT('',(-0.00750000000000001,0.203,0.03));
#3082=CARTESIAN_POINT('',(-0.00750000000000001,0.203,-0.03));
#3083=CARTESIAN_POINT('',(-0.00750000000000001,0.203,0.03));
#3084=CARTESIAN_POINT('',(0.00749999999999999,0.203,0.03));
#3085=CARTESIAN_POINT('',(0.00749999999999999,0.203,0.03));
#3086=CARTESIAN_POINT('',(-0.00750000000000001,0.203,0.03));
#3087=CARTESIAN_POINT('',(0.00749999999999999,0.203,0.03));
#3088=CARTESIAN_POINT('',(0.00749999999999999,0.203,0.03));
#3089=CARTESIAN_POINT('',(0.,0.203,0.));
#3090=CARTESIAN_POINT('',(0.,0.,0.));
#3091=CARTESIAN_POINT('',(0.06,0.005,0.0825));
#3092=CARTESIAN_POINT('',(-0.04,0.005,0.0825));
#3093=CARTESIAN_POINT('',(-0.04,0.00499999999999999,0.0825));
#3094=CARTESIAN_POINT('',(-0.04,0.00500000000000002,0.1385));
#3095=CARTESIAN_POINT('',(0.06,0.00499999999999999,0.0825));
#3096=CARTESIAN_POINT('',(-0.06,0.00499999999999999,0.0825));
#3097=CARTESIAN_POINT('',(-0.06,0.005,0.0825));
#3098=CARTESIAN_POINT('',(-0.06,0.00500000000000002,0.1385));
#3099=CARTESIAN_POINT('',(0.06,0.00500000000000002,0.1385));
#3100=CARTESIAN_POINT('',(0.06,0.005,0.0825));
#3101=CARTESIAN_POINT('',(0.04,0.005,0.0825));
#3102=CARTESIAN_POINT('',(0.04,0.00500000000000002,0.1385));
#3103=CARTESIAN_POINT('',(0.04,0.00499999999999999,0.0825));
#3104=CARTESIAN_POINT('',(0.06,0.00500000000000002,0.1385));
#3105=CARTESIAN_POINT('',(0.06,0.00500000000000002,0.1385));
#3106=CARTESIAN_POINT('',(0.06,0.005,0.0825));
#3107=CARTESIAN_POINT('',(0.06,0.00499999999999999,0.0825));
#3108=CARTESIAN_POINT('',(0.06,0.00499999999999999,0.0825));
#3109=CARTESIAN_POINT('',(0.06,0.00500000000000002,0.1385));
#3110=CARTESIAN_POINT('',(-0.04,0.00500000000000002,0.1385));
#3111=CARTESIAN_POINT('',(-0.04,0.,0.1385));
#3112=CARTESIAN_POINT('',(-0.06,0.00500000000000002,0.1385));
#3113=CARTESIAN_POINT('',(-0.06,0.,0.1385));
#3114=CARTESIAN_POINT('',(0.06,0.,0.1385));
#3115=CARTESIAN_POINT('',(0.06,0.00500000000000002,0.1385));
#3116=CARTESIAN_POINT('',(0.04,0.00500000000000002,0.1385));
#3117=CARTESIAN_POINT('',(0.04,0.,0.1385));
#3118=CARTESIAN_POINT('',(0.06,0.,0.1385));
#3119=CARTESIAN_POINT('',(0.06,0.,0.1385));
#3120=CARTESIAN_POINT('',(0.06,0.00500000000000002,0.1385));
#3121=CARTESIAN_POINT('',(0.06,0.,0.1385));
#3122=CARTESIAN_POINT('',(-0.04,0.,0.1385));
#3123=CARTESIAN_POINT('',(-0.04,0.,0.0825));
#3124=CARTESIAN_POINT('',(-0.06,0.,0.1385));
#3125=CARTESIAN_POINT('',(-0.06,0.,0.0825));
#3126=CARTESIAN_POINT('',(0.06,0.,0.0825));
#3127=CARTESIAN_POINT('',(0.06,0.,0.1385));
#3128=CARTESIAN_POINT('',(0.04,0.,0.2));
#3129=CARTESIAN_POINT('',(0.04,0.,0.0825));
#3130=CARTESIAN_POINT('',(0.06,0.,0.0825));
#3131=CARTESIAN_POINT('',(0.06,0.,0.0825));
#3132=CARTESIAN_POINT('',(0.06,0.,0.1385));
#3133=CARTESIAN_POINT('',(0.06,0.015,0.0825));
#3134=CARTESIAN_POINT('',(-0.04,0.015,0.0825));
#3135=CARTESIAN_POINT('',(-0.04,0.015,0.0675));
#3136=CARTESIAN_POINT('',(-0.06,0.015,0.0825));
#3137=CARTESIAN_POINT('',(-0.06,0.015,0.0675));
#3138=CARTESIAN_POINT('',(0.06,0.015,0.0675));
#3139=CARTESIAN_POINT('',(0.06,0.015,0.0825));
#3140=CARTESIAN_POINT('',(0.04,0.015,0.0825));
#3141=CARTESIAN_POINT('',(0.04,0.015,0.0675));
#3142=CARTESIAN_POINT('',(0.06,0.015,0.0675));
#3143=CARTESIAN_POINT('',(0.06,0.015,0.0675));
#3144=CARTESIAN_POINT('',(0.06,0.015,0.0825));
#3145=CARTESIAN_POINT('',(0.06,0.015,0.0675));
#3146=CARTESIAN_POINT('',(-0.04,0.015,0.0675));
#3147=CARTESIAN_POINT('',(-0.04,0.07,0.0675));
#3148=CARTESIAN_POINT('',(-0.06,0.015,0.0675));
#3149=CARTESIAN_POINT('',(-0.06,0.075,0.0675));
#3150=CARTESIAN_POINT('',(0.06,0.075,0.0675));
#3151=CARTESIAN_POINT('',(-0.01,0.075,0.0675));
#3152=CARTESIAN_POINT('',(-0.01,0.,0.0675));
#3153=CARTESIAN_POINT('',(-0.01,0.07,0.0675));
#3154=CARTESIAN_POINT('',(0.06,0.07,0.0675));
#3155=CARTESIAN_POINT('',(0.06,0.015,0.0675));
#3156=CARTESIAN_POINT('',(0.04,0.015,0.0675));
#3157=CARTESIAN_POINT('',(0.04,0.07,0.0675));
#3158=CARTESIAN_POINT('',(0.06,0.07,0.0675));
#3159=CARTESIAN_POINT('',(0.01,0.07,0.0675));
#3160=CARTESIAN_POINT('',(0.01,0.075,0.0675));
#3161=CARTESIAN_POINT('',(0.01,0.075,0.0675));
#3162=CARTESIAN_POINT('',(0.06,0.075,0.0675));
#3163=CARTESIAN_POINT('',(0.06,0.075,0.0675));
#3164=CARTESIAN_POINT('',(0.06,0.015,0.0675));
#3165=CARTESIAN_POINT('',(0.06,0.07,-0.0675));
#3166=CARTESIAN_POINT('',(0.04,0.07,-0.0675));
#3167=CARTESIAN_POINT('',(0.04,0.015,-0.0675));
#3168=CARTESIAN_POINT('',(0.04,0.07,-0.0675000000000001));
#3169=CARTESIAN_POINT('',(0.06,0.015,-0.0675));
#3170=CARTESIAN_POINT('',(0.06,0.015,-0.0675));
#3171=CARTESIAN_POINT('',(0.06,0.07,-0.0675));
#3172=CARTESIAN_POINT('',(0.06,0.075,-0.0675));
#3173=CARTESIAN_POINT('',(0.06,0.075,-0.0675));
#3174=CARTESIAN_POINT('',(0.01,0.075,-0.0675));
#3175=CARTESIAN_POINT('',(0.01,0.075,-0.0675));
#3176=CARTESIAN_POINT('',(0.01,0.07,-0.0675));
#3177=CARTESIAN_POINT('',(0.06,0.07,-0.0675));
#3178=CARTESIAN_POINT('',(0.06,0.07,-0.0675));
#3179=CARTESIAN_POINT('',(-0.04,0.07,-0.0675));
#3180=CARTESIAN_POINT('',(-0.04,0.07,-0.0675000000000001));
#3181=CARTESIAN_POINT('',(-0.04,0.015,-0.0675));
#3182=CARTESIAN_POINT('',(0.06,0.07,-0.0675));
#3183=CARTESIAN_POINT('',(-0.01,0.07,-0.0675));
#3184=CARTESIAN_POINT('',(-0.01,0.,-0.0675));
#3185=CARTESIAN_POINT('',(-0.01,0.075,-0.0675));
#3186=CARTESIAN_POINT('',(0.06,0.075,-0.0675));
#3187=CARTESIAN_POINT('',(-0.06,0.075,-0.0675));
#3188=CARTESIAN_POINT('',(-0.06,0.07,-0.0675));
#3189=CARTESIAN_POINT('',(-0.06,0.015,-0.0675));
#3190=CARTESIAN_POINT('',(0.06,0.015,-0.0675));
#3191=CARTESIAN_POINT('',(0.06,0.015,-0.0825));
#3192=CARTESIAN_POINT('',(-0.04,0.015,-0.0825));
#3193=CARTESIAN_POINT('',(-0.04,3.46944695195361E-18,-0.0825));
#3194=CARTESIAN_POINT('',(-0.06,0.015,-0.0825));
#3195=CARTESIAN_POINT('',(-0.06,-8.53702498020082E-18,-0.0825));
#3196=CARTESIAN_POINT('',(0.06,-8.53702498020082E-18,-0.0825));
#3197=CARTESIAN_POINT('',(0.06,0.015,-0.0825));
#3198=CARTESIAN_POINT('',(0.04,0.015,-0.0825));
#3199=CARTESIAN_POINT('',(0.04,0.,-0.0825));
#3200=CARTESIAN_POINT('',(0.06,-8.53702498020082E-18,-0.0825));
#3201=CARTESIAN_POINT('',(0.06,-8.53702498020082E-18,-0.0825));
#3202=CARTESIAN_POINT('',(0.06,0.015,-0.0825));
#3203=CARTESIAN_POINT('',(0.06,3.46944695195361E-18,-0.0825));
#3204=CARTESIAN_POINT('',(-0.04,3.46944695195361E-18,-0.0825));
#3205=CARTESIAN_POINT('',(-0.04,3.46944695195361E-18,-0.1385));
#3206=CARTESIAN_POINT('',(-0.06,3.46944695195361E-18,-0.0825));
#3207=CARTESIAN_POINT('',(-0.06,3.46944695195361E-18,-0.1385));
#3208=CARTESIAN_POINT('',(0.06,3.46944695195361E-18,-0.1385));
#3209=CARTESIAN_POINT('',(0.06,3.46944695195361E-18,-0.0825));
#3210=CARTESIAN_POINT('',(0.04,0.,0.2));
#3211=CARTESIAN_POINT('',(0.04,0.,-0.1385));
#3212=CARTESIAN_POINT('',(0.06,3.46944695195361E-18,-0.1385));
#3213=CARTESIAN_POINT('',(0.06,3.46944695195361E-18,-0.1385));
#3214=CARTESIAN_POINT('',(0.06,3.46944695195361E-18,-0.0825));
#3215=CARTESIAN_POINT('',(0.06,3.46944695195361E-18,-0.1385));
#3216=CARTESIAN_POINT('',(-0.04,3.46944695195361E-18,-0.1385));
#3217=CARTESIAN_POINT('',(-0.04,0.00500000000000001,-0.1385));
#3218=CARTESIAN_POINT('',(-0.06,3.46944695195361E-18,-0.1385));
#3219=CARTESIAN_POINT('',(-0.06,0.00500000000000001,-0.1385));
#3220=CARTESIAN_POINT('',(0.06,0.00500000000000001,-0.1385));
#3221=CARTESIAN_POINT('',(0.06,3.46944695195361E-18,-0.1385));
#3222=CARTESIAN_POINT('',(0.04,3.46944695195361E-18,-0.1385));
#3223=CARTESIAN_POINT('',(0.04,0.00500000000000001,-0.1385));
#3224=CARTESIAN_POINT('',(0.06,0.00500000000000001,-0.1385));
#3225=CARTESIAN_POINT('',(0.06,0.00500000000000001,-0.1385));
#3226=CARTESIAN_POINT('',(0.06,3.46944695195361E-18,-0.1385));
#3227=CARTESIAN_POINT('',(0.06,0.00500000000000001,-0.1385));
#3228=CARTESIAN_POINT('',(-0.04,0.00500000000000001,-0.1385));
#3229=CARTESIAN_POINT('',(-0.04,0.00499999999999999,-0.0825));
#3230=CARTESIAN_POINT('',(-0.06,0.00500000000000001,-0.1385));
#3231=CARTESIAN_POINT('',(-0.06,0.00499999999999999,-0.0825));
#3232=CARTESIAN_POINT('',(0.06,0.00499999999999999,-0.0825));
#3233=CARTESIAN_POINT('',(0.06,0.00500000000000001,-0.1385));
#3234=CARTESIAN_POINT('',(0.04,0.00500000000000001,-0.1385));
#3235=CARTESIAN_POINT('',(0.04,0.00499999999999999,-0.0825));
#3236=CARTESIAN_POINT('',(0.06,0.00499999999999999,-0.0825));
#3237=CARTESIAN_POINT('',(0.06,0.00499999999999999,-0.0825));
#3238=CARTESIAN_POINT('',(0.06,0.00500000000000001,-0.1385));
#3239=CARTESIAN_POINT('',(0.06,0.015,-0.0825));
#3240=CARTESIAN_POINT('',(0.06,0.015,-0.0725));
#3241=CARTESIAN_POINT('',(-0.04,0.015,-0.0725));
#3242=CARTESIAN_POINT('',(-0.06,0.015,-0.0725));
#3243=CARTESIAN_POINT('',(-0.04,0.015,-0.0825));
#3244=CARTESIAN_POINT('',(-0.06,0.015,-0.0825));
#3245=CARTESIAN_POINT('',(0.06,0.015,-0.0825));
#3246=CARTESIAN_POINT('',(0.04,0.015,-0.0825));
#3247=CARTESIAN_POINT('',(0.04,0.015,-0.0725));
#3248=CARTESIAN_POINT('',(0.06,0.015,-0.0725));
#3249=CARTESIAN_POINT('',(0.06,0.015,-0.0725));
#3250=CARTESIAN_POINT('',(0.06,0.015,-0.0825));
#3251=CARTESIAN_POINT('',(0.06,0.015,-0.0725));
#3252=CARTESIAN_POINT('',(-0.04,0.015,-0.0725));
#3253=CARTESIAN_POINT('',(-0.04,0.07,-0.0725));
#3254=CARTESIAN_POINT('',(-0.06,0.015,-0.0725));
#3255=CARTESIAN_POINT('',(-0.06,0.075,-0.0725));
#3256=CARTESIAN_POINT('',(0.06,0.075,-0.0725));
#3257=CARTESIAN_POINT('',(0.06,0.075,-0.0725));
#3258=CARTESIAN_POINT('',(0.06,0.015,-0.0725));
#3259=CARTESIAN_POINT('',(0.04,0.015,-0.0725));
#3260=CARTESIAN_POINT('',(0.04,0.07,-0.0725));
#3261=CARTESIAN_POINT('',(0.06,0.07,-0.0725));
#3262=CARTESIAN_POINT('',(0.06,0.075,0.0725));
#3263=CARTESIAN_POINT('',(-0.04,0.075,0.0725));
#3264=CARTESIAN_POINT('',(-0.04,0.07,0.0725));
#3265=CARTESIAN_POINT('',(-0.04,0.015,0.0725));
#3266=CARTESIAN_POINT('',(0.06,0.07,0.0725));
#3267=CARTESIAN_POINT('',(0.04,0.07,0.0725));
#3268=CARTESIAN_POINT('',(0.04,0.075,0.0725));
#3269=CARTESIAN_POINT('',(0.04,0.015,0.0725));
#3270=CARTESIAN_POINT('',(0.06,0.015,0.0725));
#3271=CARTESIAN_POINT('',(0.06,0.015,0.0725));
#3272=CARTESIAN_POINT('',(0.06,0.075,0.0725));
#3273=CARTESIAN_POINT('',(0.06,0.075,0.0725));
#3274=CARTESIAN_POINT('',(0.06,0.075,0.0725));
#3275=CARTESIAN_POINT('',(-0.06,0.075,0.0725));
#3276=CARTESIAN_POINT('',(-0.06,0.075,0.0725));
#3277=CARTESIAN_POINT('',(-0.06,0.015,0.0725));
#3278=CARTESIAN_POINT('',(0.06,0.015,0.0725));
#3279=CARTESIAN_POINT('',(0.06,0.015,0.0825));
#3280=CARTESIAN_POINT('',(-0.04,0.015,0.0825));
#3281=CARTESIAN_POINT('',(-0.06,0.015,0.0825));
#3282=CARTESIAN_POINT('',(0.06,0.015,0.0825));
#3283=CARTESIAN_POINT('',(0.04,0.015,0.0825));
#3284=CARTESIAN_POINT('',(0.06,0.015,0.0825));
#3285=CARTESIAN_POINT('',(0.06,0.07,0.0675));
#3286=CARTESIAN_POINT('',(-0.01,0.07,0.0675));
#3287=CARTESIAN_POINT('',(-0.04,0.07,0.2));
#3288=CARTESIAN_POINT('',(0.04,0.07,0.2));
#3289=CARTESIAN_POINT('',(0.01,0.07,0.0675));
#3290=CARTESIAN_POINT('',(0.04,0.07,0.2));
#3291=CARTESIAN_POINT('',(-0.04,0.07,0.2));
#3292=CARTESIAN_POINT('',(0.06,0.015,0.0825));
#3293=CARTESIAN_POINT('',(0.06,0.075,-0.0725));
#3294=CARTESIAN_POINT('',(-0.06,0.015,0.0825));
#3295=CARTESIAN_POINT('',(-0.06,0.075,-0.0725));
#3296=CARTESIAN_POINT('',(0.06,0.075,-0.0725));
#3297=CARTESIAN_POINT('',(0.06,0.075,-0.0725));
#3298=CARTESIAN_POINT('',(0.01,0.075,0.0675));
#3299=CARTESIAN_POINT('',(-0.01,0.075,0.0675));
#3300=CARTESIAN_POINT('',(-0.06,0.075,-0.0725));
#3301=CARTESIAN_POINT('',(0.06,0.015,0.0825));
#3302=CARTESIAN_POINT('',(-0.06,0.015,0.0825));
#3303=CARTESIAN_POINT('',(-0.01,0.,0.0675));
#3304=CARTESIAN_POINT('',(0.01,0.075,0.0675));
#3305=CARTESIAN_POINT('',(0.04,0.,0.2));
#3306=CARTESIAN_POINT('',(-0.04,0.07,0.2));
#3307=CARTESIAN_POINT('',(-0.04,0.07,0.2));
#3308=CARTESIAN_POINT('',(0.04,0.,0.2));
#3309=CARTESIAN_POINT('',(0.,-0.004,0.));
#3310=MECHANICAL_DESIGN_GEOMETRIC_PRESENTATION_REPRESENTATION('',(#2070,
#2071),#3311);
#3311=(
GEOMETRIC_REPRESENTATION_CONTEXT(3)
GLOBAL_UNCERTAINTY_ASSIGNED_CONTEXT((#3314))
GLOBAL_UNIT_ASSIGNED_CONTEXT((#3319,#3318,#3317))
REPRESENTATION_CONTEXT('SSM-102-L-DV','TOP_LEVEL_ASSEMBLY_PART')
);
#3312=(
GEOMETRIC_REPRESENTATION_CONTEXT(3)
GLOBAL_UNCERTAINTY_ASSIGNED_CONTEXT((#3315))
GLOBAL_UNIT_ASSIGNED_CONTEXT((#3319,#3318,#3317))
REPRESENTATION_CONTEXT('SSM-102-L-DV_body','COMPONENT_PART')
);
#3313=(
GEOMETRIC_REPRESENTATION_CONTEXT(3)
GLOBAL_UNCERTAINTY_ASSIGNED_CONTEXT((#3316))
GLOBAL_UNIT_ASSIGNED_CONTEXT((#3319,#3318,#3317))
REPRESENTATION_CONTEXT('C-137-01-L2','COMPONENT_PART')
);
#3314=UNCERTAINTY_MEASURE_WITH_UNIT(LENGTH_MEASURE(3.93700787401575E-7),
#3319,'DISTANCE_ACCURACY_VALUE','Maximum Tolerance applied to model');
#3315=UNCERTAINTY_MEASURE_WITH_UNIT(LENGTH_MEASURE(3.93700787401575E-7),
#3319,'DISTANCE_ACCURACY_VALUE','Maximum Tolerance applied to model');
#3316=UNCERTAINTY_MEASURE_WITH_UNIT(LENGTH_MEASURE(3.93700787401575E-7),
#3319,'DISTANCE_ACCURACY_VALUE','Maximum Tolerance applied to model');
#3317=(
NAMED_UNIT(*)
SI_UNIT($,.STERADIAN.)
SOLID_ANGLE_UNIT()
);
#3318=(
NAMED_UNIT(*)
PLANE_ANGLE_UNIT()
SI_UNIT($,.RADIAN.)
);
#3319=(
CONVERSION_BASED_UNIT('INCH',#3321)
LENGTH_UNIT()
NAMED_UNIT(#3320)
);
#3320=DIMENSIONAL_EXPONENTS(1.,0.,0.,0.,0.,0.,0.);
#3321=LENGTH_MEASURE_WITH_UNIT(LENGTH_MEASURE(25.4),#3322);
#3322=(
LENGTH_UNIT()
NAMED_UNIT(*)
SI_UNIT(.MILLI.,.METRE.)
);
#3323=PRODUCT_DEFINITION_SHAPE('','',#3328);
#3324=PRODUCT_DEFINITION_SHAPE('','',#3329);
#3325=PRODUCT_DEFINITION_SHAPE(' ','NAUO PRDDFN',#44);
#3326=PRODUCT_DEFINITION_SHAPE('','',#3330);
#3327=PRODUCT_DEFINITION_SHAPE(' ','NAUO PRDDFN',#45);
#3328=PRODUCT_DEFINITION('','',#3334,#3331);
#3329=PRODUCT_DEFINITION('','',#3335,#3332);
#3330=PRODUCT_DEFINITION('','',#3336,#3333);
#3331=PRODUCT_DEFINITION_CONTEXT('',#3350,'design');
#3332=PRODUCT_DEFINITION_CONTEXT('',#3350,'design');
#3333=PRODUCT_DEFINITION_CONTEXT('',#3350,'design');
#3334=PRODUCT_DEFINITION_FORMATION_WITH_SPECIFIED_SOURCE('','',#3340,
 .NOT_KNOWN.);
#3335=PRODUCT_DEFINITION_FORMATION_WITH_SPECIFIED_SOURCE('','',#3341,
 .NOT_KNOWN.);
#3336=PRODUCT_DEFINITION_FORMATION_WITH_SPECIFIED_SOURCE('','',#3342,
 .NOT_KNOWN.);
#3337=PRODUCT_RELATED_PRODUCT_CATEGORY('','',(#3340));
#3338=PRODUCT_RELATED_PRODUCT_CATEGORY('','',(#3341));
#3339=PRODUCT_RELATED_PRODUCT_CATEGORY('','',(#3342));
#3340=PRODUCT('SSM-102-L-DV','SSM-102-L-DV','SSM-102-L-DV',(#3346));
#3341=PRODUCT('SSM-102-L-DV_body','SSM-102-L-DV_body',
'SSM-102-L-DV_body',(#3347));
#3342=PRODUCT('C-137-01-L2','C-137-01-L2','C-137-01-L2',(#3348));
#3343=PRODUCT_CATEGORY('','');
#3344=PRODUCT_CATEGORY('','');
#3345=PRODUCT_CATEGORY('','');
#3346=PRODUCT_CONTEXT('',#3350,'mechanical');
#3347=PRODUCT_CONTEXT('',#3350,'mechanical');
#3348=PRODUCT_CONTEXT('',#3350,'mechanical');
#3349=APPLICATION_PROTOCOL_DEFINITION('international standard',
'automotive_design',2010,#3350);
#3350=APPLICATION_CONTEXT(
'core data for automotive mechanical design processes');
ENDSEC;
END-ISO-10303-21;
